code,check,verdict,reason,suggested_fix
C0020,1 meaning matches standard title and structure,PASS,no problem found,
C0020,"2 causes plausible for a small bike, not car-only",PASS,no problem found,
C0020,"3 advice free of reversals, circular advice and danger",PASS,no problem found,
C0020,4 level correct under RUBRIC.md and stop_table,PASS,no problem found,
C0020,"5 no part, number or hardware the source does not support",PASS,no problem found,
C0020,6 shared failure wording and glossary used,PASS,no problem found,
C0020,7 understandable to a rider,PASS,no problem found,
C0020,8 can_ride_to_workshop sensible and consistent,PASS,no problem found,
C0020,"9 canonical sentences exact, each sentence 25 words or fewer",PASS,no problem found,
C0020,10 Hindi-translatability,PASS,no problem found,
C0020,11 applies_when correct,PASS,no problem found,
C0020,12 chassis wheel-speed wording position-neutral,PASS,wording is position-neutral,
C0035,1 meaning matches standard title and structure,CONCERN,Wal33D reads C0035 as a wheel speed sensor SUPPLY code for another wheel; the entry says 'circuit'. The owner's premise (both sources say circuit) does not hold for C0035,Keep confidence low; word it 'wheel speed sensor fault' and hold until the edition question (see held_back_triage) is answered.
C0035,"2 causes plausible for a small bike, not car-only",PASS,no problem found,
C0035,"3 advice free of reversals, circular advice and danger",PASS,no problem found,
C0035,4 level correct under RUBRIC.md and stop_table,PASS,no problem found,
C0035,"5 no part, number or hardware the source does not support",PASS,no problem found,
C0035,6 shared failure wording and glossary used,PASS,no problem found,
C0035,7 understandable to a rider,PASS,no problem found,
C0035,8 can_ride_to_workshop sensible and consistent,PASS,no problem found,
C0035,"9 canonical sentences exact, each sentence 25 words or fewer",PASS,no problem found,
C0035,10 Hindi-translatability,PASS,no problem found,
C0035,11 applies_when correct,PASS,no problem found,
C0035,12 chassis wheel-speed wording position-neutral,CONCERN,"title and meaning are neutral, but standard_title_en stores 'Left Front' and the hint names front and rear; if standard_title_en is ever shown the position leaks","Mark standard_title_en of chassis entries as not for riders, or store a neutral form."
C0037,1 meaning matches standard title and structure,PASS,no problem found,
C0037,"2 causes plausible for a small bike, not car-only",PASS,no problem found,
C0037,"3 advice free of reversals, circular advice and danger",PASS,no problem found,
C0037,4 level correct under RUBRIC.md and stop_table,PASS,no problem found,
C0037,"5 no part, number or hardware the source does not support",PASS,no problem found,
C0037,6 shared failure wording and glossary used,PASS,no problem found,
C0037,7 understandable to a rider,PASS,no problem found,
C0037,8 can_ride_to_workshop sensible and consistent,PASS,no problem found,
C0037,"9 canonical sentences exact, each sentence 25 words or fewer",PASS,no problem found,
C0037,10 Hindi-translatability,PASS,no problem found,
C0037,11 applies_when correct,PASS,no problem found,
C0037,12 chassis wheel-speed wording position-neutral,CONCERN,"rider text says 'rear'; the owner rule is 'a wheel speed sensor' with no position, and standard_title_en stores Left Rear or Right Rear","Use 'a wheel speed sensor' unless the owner accepts front or rear as neutral; OBDex lists the same fault twice (C0037 and C0045), so the position mapping is edition-dependent."
C0038,1 meaning matches standard title and structure,PASS,no problem found,
C0038,"2 causes plausible for a small bike, not car-only",PASS,no problem found,
C0038,"3 advice free of reversals, circular advice and danger",PASS,no problem found,
C0038,4 level correct under RUBRIC.md and stop_table,PASS,no problem found,
C0038,"5 no part, number or hardware the source does not support",PASS,no problem found,
C0038,6 shared failure wording and glossary used,PASS,no problem found,
C0038,7 understandable to a rider,PASS,no problem found,
C0038,8 can_ride_to_workshop sensible and consistent,PASS,no problem found,
C0038,"9 canonical sentences exact, each sentence 25 words or fewer",PASS,no problem found,
C0038,10 Hindi-translatability,PASS,no problem found,
C0038,11 applies_when correct,PASS,no problem found,
C0038,12 chassis wheel-speed wording position-neutral,CONCERN,"rider text says 'rear'; the owner rule is 'a wheel speed sensor' with no position, and standard_title_en stores Left Rear or Right Rear","Use 'a wheel speed sensor' unless the owner accepts front or rear as neutral; OBDex lists the same fault twice (C0037 and C0045), so the position mapping is edition-dependent."
C003A,1 meaning matches standard title and structure,PASS,no problem found,
C003A,"2 causes plausible for a small bike, not car-only",PASS,no problem found,
C003A,"3 advice free of reversals, circular advice and danger",PASS,no problem found,
C003A,4 level correct under RUBRIC.md and stop_table,PASS,no problem found,
C003A,"5 no part, number or hardware the source does not support",PASS,no problem found,
C003A,6 shared failure wording and glossary used,PASS,no problem found,
C003A,7 understandable to a rider,PASS,no problem found,
C003A,8 can_ride_to_workshop sensible and consistent,PASS,no problem found,
C003A,"9 canonical sentences exact, each sentence 25 words or fewer",PASS,no problem found,
C003A,10 Hindi-translatability,PASS,no problem found,
C003A,11 applies_when correct,PASS,no problem found,
C003A,12 chassis wheel-speed wording position-neutral,CONCERN,"rider text says 'rear'; the owner rule is 'a wheel speed sensor' with no position, and standard_title_en stores Left Rear or Right Rear","Use 'a wheel speed sensor' unless the owner accepts front or rear as neutral; OBDex lists the same fault twice (C0037 and C0045), so the position mapping is edition-dependent."
C003B,1 meaning matches standard title and structure,PASS,no problem found,
C003B,"2 causes plausible for a small bike, not car-only",PASS,no problem found,
C003B,"3 advice free of reversals, circular advice and danger",PASS,no problem found,
C003B,4 level correct under RUBRIC.md and stop_table,PASS,no problem found,
C003B,"5 no part, number or hardware the source does not support",PASS,no problem found,
C003B,6 shared failure wording and glossary used,PASS,no problem found,
C003B,7 understandable to a rider,PASS,no problem found,
C003B,8 can_ride_to_workshop sensible and consistent,PASS,no problem found,
C003B,"9 canonical sentences exact, each sentence 25 words or fewer",PASS,no problem found,
C003B,10 Hindi-translatability,PASS,no problem found,
C003B,11 applies_when correct,PASS,no problem found,
C003B,12 chassis wheel-speed wording position-neutral,CONCERN,"rider text says 'rear'; the owner rule is 'a wheel speed sensor' with no position, and standard_title_en stores Left Rear or Right Rear","Use 'a wheel speed sensor' unless the owner accepts front or rear as neutral; OBDex lists the same fault twice (C0037 and C0045), so the position mapping is edition-dependent."
C003C,1 meaning matches standard title and structure,PASS,no problem found,
C003C,"2 causes plausible for a small bike, not car-only",PASS,no problem found,
C003C,"3 advice free of reversals, circular advice and danger",PASS,no problem found,
C003C,4 level correct under RUBRIC.md and stop_table,PASS,no problem found,
C003C,"5 no part, number or hardware the source does not support",PASS,no problem found,
C003C,6 shared failure wording and glossary used,PASS,no problem found,
C003C,7 understandable to a rider,PASS,no problem found,
C003C,8 can_ride_to_workshop sensible and consistent,PASS,no problem found,
C003C,"9 canonical sentences exact, each sentence 25 words or fewer",PASS,no problem found,
C003C,10 Hindi-translatability,PASS,no problem found,
C003C,11 applies_when correct,PASS,no problem found,
C003C,12 chassis wheel-speed wording position-neutral,CONCERN,"rider text says 'rear'; the owner rule is 'a wheel speed sensor' with no position, and standard_title_en stores Left Rear or Right Rear","Use 'a wheel speed sensor' unless the owner accepts front or rear as neutral; OBDex lists the same fault twice (C0037 and C0045), so the position mapping is edition-dependent."
C003D,1 meaning matches standard title and structure,PASS,no problem found,
C003D,"2 causes plausible for a small bike, not car-only",PASS,no problem found,
C003D,"3 advice free of reversals, circular advice and danger",PASS,no problem found,
C003D,4 level correct under RUBRIC.md and stop_table,PASS,no problem found,
C003D,"5 no part, number or hardware the source does not support",PASS,no problem found,
C003D,6 shared failure wording and glossary used,PASS,no problem found,
C003D,7 understandable to a rider,PASS,no problem found,
C003D,8 can_ride_to_workshop sensible and consistent,PASS,no problem found,
C003D,"9 canonical sentences exact, each sentence 25 words or fewer",PASS,no problem found,
C003D,10 Hindi-translatability,PASS,no problem found,
C003D,11 applies_when correct,PASS,no problem found,
C003D,12 chassis wheel-speed wording position-neutral,CONCERN,"rider text says 'rear'; the owner rule is 'a wheel speed sensor' with no position, and standard_title_en stores Left Rear or Right Rear","Use 'a wheel speed sensor' unless the owner accepts front or rear as neutral; OBDex lists the same fault twice (C0037 and C0045), so the position mapping is edition-dependent."
C003E,1 meaning matches standard title and structure,PASS,no problem found,
C003E,"2 causes plausible for a small bike, not car-only",PASS,no problem found,
C003E,"3 advice free of reversals, circular advice and danger",PASS,no problem found,
C003E,4 level correct under RUBRIC.md and stop_table,PASS,no problem found,
C003E,"5 no part, number or hardware the source does not support",PASS,no problem found,
C003E,6 shared failure wording and glossary used,PASS,no problem found,
C003E,7 understandable to a rider,PASS,no problem found,
C003E,8 can_ride_to_workshop sensible and consistent,PASS,no problem found,
C003E,"9 canonical sentences exact, each sentence 25 words or fewer",PASS,no problem found,
C003E,10 Hindi-translatability,PASS,no problem found,
C003E,11 applies_when correct,PASS,no problem found,
C003E,12 chassis wheel-speed wording position-neutral,CONCERN,"rider text says 'rear'; the owner rule is 'a wheel speed sensor' with no position, and standard_title_en stores Left Rear or Right Rear","Use 'a wheel speed sensor' unless the owner accepts front or rear as neutral; OBDex lists the same fault twice (C0037 and C0045), so the position mapping is edition-dependent."
C003F,1 meaning matches standard title and structure,CONCERN,"'which most bikes do not measure' is an unsupported general claim, and rotation-direction correlation is a car feature",Remove the clause; consider holding the entry until a bike with direction-sensing sensors is known.
C003F,"2 causes plausible for a small bike, not car-only",PASS,no problem found,
C003F,"3 advice free of reversals, circular advice and danger",PASS,no problem found,
C003F,4 level correct under RUBRIC.md and stop_table,PASS,no problem found,
C003F,"5 no part, number or hardware the source does not support",PASS,no problem found,
C003F,6 shared failure wording and glossary used,PASS,no problem found,
C003F,7 understandable to a rider,CONCERN,'disagree on the direction of rotation' means little to a rider,See check 1.
C003F,8 can_ride_to_workshop sensible and consistent,PASS,no problem found,
C003F,"9 canonical sentences exact, each sentence 25 words or fewer",PASS,no problem found,
C003F,10 Hindi-translatability,PASS,no problem found,
C003F,11 applies_when correct,PASS,no problem found,
C003F,12 chassis wheel-speed wording position-neutral,PASS,wording is position-neutral,
C004F,1 meaning matches standard title and structure,PASS,no problem found,
C004F,"2 causes plausible for a small bike, not car-only",PASS,no problem found,
C004F,"3 advice free of reversals, circular advice and danger",PASS,no problem found,
C004F,4 level correct under RUBRIC.md and stop_table,PASS,no problem found,
C004F,"5 no part, number or hardware the source does not support",PASS,no problem found,
C004F,6 shared failure wording and glossary used,PASS,no problem found,
C004F,7 understandable to a rider,PASS,no problem found,
C004F,8 can_ride_to_workshop sensible and consistent,PASS,no problem found,
C004F,"9 canonical sentences exact, each sentence 25 words or fewer",PASS,no problem found,
C004F,10 Hindi-translatability,PASS,no problem found,
C004F,11 applies_when correct,PASS,no problem found,
C004F,12 chassis wheel-speed wording position-neutral,PASS,wording is position-neutral,
P0016,1 meaning matches standard title and structure,PASS,no problem found,
P0016,"2 causes plausible for a small bike, not car-only",PASS,no problem found,
P0016,"3 advice free of reversals, circular advice and danger",PASS,no problem found,
P0016,4 level correct under RUBRIC.md and stop_table,PASS,no problem found,
P0016,"5 no part, number or hardware the source does not support",PASS,no problem found,
P0016,6 shared failure wording and glossary used,PASS,no problem found,
P0016,7 understandable to a rider,PASS,no problem found,
P0016,8 can_ride_to_workshop sensible and consistent,PASS,no problem found,
P0016,"9 canonical sentences exact, each sentence 25 words or fewer",PASS,no problem found,
P0016,10 Hindi-translatability,PASS,no problem found,
P0016,11 applies_when correct,PASS,no problem found,
P0030,1 meaning matches standard title and structure,PASS,no problem found,
P0030,"2 causes plausible for a small bike, not car-only",PASS,no problem found,
P0030,"3 advice free of reversals, circular advice and danger",PASS,no problem found,
P0030,4 level correct under RUBRIC.md and stop_table,PASS,no problem found,
P0030,"5 no part, number or hardware the source does not support",PASS,no problem found,
P0030,6 shared failure wording and glossary used,PASS,no problem found,
P0030,7 understandable to a rider,PASS,no problem found,
P0030,8 can_ride_to_workshop sensible and consistent,PASS,no problem found,
P0030,"9 canonical sentences exact, each sentence 25 words or fewer",PASS,no problem found,
P0030,10 Hindi-translatability,PASS,no problem found,
P0030,11 applies_when correct,PASS,no problem found,
P0037,1 meaning matches standard title and structure,PASS,no problem found,
P0037,"2 causes plausible for a small bike, not car-only",PASS,no problem found,
P0037,"3 advice free of reversals, circular advice and danger",PASS,no problem found,
P0037,4 level correct under RUBRIC.md and stop_table,PASS,no problem found,
P0037,"5 no part, number or hardware the source does not support",PASS,no problem found,
P0037,6 shared failure wording and glossary used,PASS,no problem found,
P0037,7 understandable to a rider,PASS,no problem found,
P0037,8 can_ride_to_workshop sensible and consistent,PASS,no problem found,
P0037,"9 canonical sentences exact, each sentence 25 words or fewer",PASS,no problem found,
P0037,10 Hindi-translatability,PASS,no problem found,
P0037,11 applies_when correct,PASS,no problem found,
P0054,1 meaning matches standard title and structure,PASS,no problem found,
P0054,"2 causes plausible for a small bike, not car-only",PASS,no problem found,
P0054,"3 advice free of reversals, circular advice and danger",PASS,no problem found,
P0054,4 level correct under RUBRIC.md and stop_table,PASS,no problem found,
P0054,"5 no part, number or hardware the source does not support",PASS,no problem found,
P0054,6 shared failure wording and glossary used,CONCERN,'resistance outside range' is not on the shared phrase list (the list has 'resistance above threshold' and 'signal out of range'),Add 'resistance out of range' to the shared list and use it here and in P0053.
P0054,7 understandable to a rider,PASS,no problem found,
P0054,8 can_ride_to_workshop sensible and consistent,PASS,no problem found,
P0054,"9 canonical sentences exact, each sentence 25 words or fewer",PASS,no problem found,
P0054,10 Hindi-translatability,PASS,no problem found,
P0054,11 applies_when correct,PASS,no problem found,
P0068,1 meaning matches standard title and structure,PASS,no problem found,
P0068,"2 causes plausible for a small bike, not car-only",PASS,no problem found,
P0068,"3 advice free of reversals, circular advice and danger",PASS,no problem found,
P0068,4 level correct under RUBRIC.md and stop_table,PASS,no problem found,
P0068,"5 no part, number or hardware the source does not support",PASS,no problem found,
P0068,6 shared failure wording and glossary used,PASS,no problem found,
P0068,7 understandable to a rider,PASS,no problem found,
P0068,8 can_ride_to_workshop sensible and consistent,PASS,no problem found,
P0068,"9 canonical sentences exact, each sentence 25 words or fewer",PASS,no problem found,
P0068,10 Hindi-translatability,PASS,no problem found,
P0068,11 applies_when correct,PASS,no problem found,
P0069,1 meaning matches standard title and structure,PASS,no problem found,
P0069,"2 causes plausible for a small bike, not car-only",PASS,no problem found,
P0069,"3 advice free of reversals, circular advice and danger",PASS,no problem found,
P0069,4 level correct under RUBRIC.md and stop_table,PASS,no problem found,
P0069,"5 no part, number or hardware the source does not support",PASS,no problem found,
P0069,6 shared failure wording and glossary used,PASS,no problem found,
P0069,7 understandable to a rider,PASS,no problem found,
P0069,8 can_ride_to_workshop sensible and consistent,PASS,no problem found,
P0069,"9 canonical sentences exact, each sentence 25 words or fewer",PASS,no problem found,
P0069,10 Hindi-translatability,PASS,no problem found,
P0069,11 applies_when correct,PASS,no problem found,
P0070,1 meaning matches standard title and structure,PASS,no problem found,
P0070,"2 causes plausible for a small bike, not car-only",PASS,no problem found,
P0070,"3 advice free of reversals, circular advice and danger",PASS,no problem found,
P0070,4 level correct under RUBRIC.md and stop_table,PASS,no problem found,
P0070,"5 no part, number or hardware the source does not support",PASS,no problem found,
P0070,6 shared failure wording and glossary used,PASS,no problem found,
P0070,7 understandable to a rider,PASS,no problem found,
P0070,8 can_ride_to_workshop sensible and consistent,PASS,no problem found,
P0070,"9 canonical sentences exact, each sentence 25 words or fewer",PASS,no problem found,
P0070,10 Hindi-translatability,PASS,no problem found,
P0070,11 applies_when correct,PASS,no problem found,
P0072,1 meaning matches standard title and structure,PASS,no problem found,
P0072,"2 causes plausible for a small bike, not car-only",PASS,no problem found,
P0072,"3 advice free of reversals, circular advice and danger",PASS,no problem found,
P0072,4 level correct under RUBRIC.md and stop_table,PASS,no problem found,
P0072,"5 no part, number or hardware the source does not support",PASS,no problem found,
P0072,6 shared failure wording and glossary used,PASS,no problem found,
P0072,7 understandable to a rider,PASS,no problem found,
P0072,8 can_ride_to_workshop sensible and consistent,PASS,no problem found,
P0072,"9 canonical sentences exact, each sentence 25 words or fewer",PASS,no problem found,
P0072,10 Hindi-translatability,PASS,no problem found,
P0072,11 applies_when correct,PASS,no problem found,
P00D1,1 meaning matches standard title and structure,CONCERN,meaning says the heater circuit 'works electrically'; the standard title (range/performance) does not say that,The heater of the upstream oxygen sensor does not warm the sensor as expected.
P00D1,"2 causes plausible for a small bike, not car-only",PASS,no problem found,
P00D1,"3 advice free of reversals, circular advice and danger",PASS,no problem found,
P00D1,4 level correct under RUBRIC.md and stop_table,PASS,no problem found,
P00D1,"5 no part, number or hardware the source does not support",PASS,no problem found,
P00D1,6 shared failure wording and glossary used,PASS,no problem found,
P00D1,7 understandable to a rider,PASS,no problem found,
P00D1,8 can_ride_to_workshop sensible and consistent,PASS,no problem found,
P00D1,"9 canonical sentences exact, each sentence 25 words or fewer",PASS,no problem found,
P00D1,10 Hindi-translatability,PASS,no problem found,
P00D1,11 applies_when correct,PASS,no problem found,
P0137,1 meaning matches standard title and structure,PASS,no problem found,
P0137,"2 causes plausible for a small bike, not car-only",PASS,no problem found,
P0137,"3 advice free of reversals, circular advice and danger",PASS,no problem found,
P0137,4 level correct under RUBRIC.md and stop_table,PASS,no problem found,
P0137,"5 no part, number or hardware the source does not support",PASS,no problem found,
P0137,6 shared failure wording and glossary used,PASS,no problem found,
P0137,7 understandable to a rider,PASS,no problem found,
P0137,8 can_ride_to_workshop sensible and consistent,PASS,no problem found,
P0137,"9 canonical sentences exact, each sentence 25 words or fewer",PASS,no problem found,
P0137,10 Hindi-translatability,PASS,no problem found,
P0137,11 applies_when correct,PASS,no problem found,
P0138,1 meaning matches standard title and structure,PASS,no problem found,
P0138,"2 causes plausible for a small bike, not car-only",PASS,no problem found,
P0138,"3 advice free of reversals, circular advice and danger",PASS,no problem found,
P0138,4 level correct under RUBRIC.md and stop_table,PASS,no problem found,
P0138,"5 no part, number or hardware the source does not support",PASS,no problem found,
P0138,6 shared failure wording and glossary used,PASS,no problem found,
P0138,7 understandable to a rider,PASS,no problem found,
P0138,8 can_ride_to_workshop sensible and consistent,PASS,no problem found,
P0138,"9 canonical sentences exact, each sentence 25 words or fewer",PASS,no problem found,
P0138,10 Hindi-translatability,PASS,no problem found,
P0138,11 applies_when correct,PASS,no problem found,
P013A,1 meaning matches standard title and structure,PASS,no problem found,
P013A,"2 causes plausible for a small bike, not car-only",PASS,no problem found,
P013A,"3 advice free of reversals, circular advice and danger",PASS,no problem found,
P013A,4 level correct under RUBRIC.md and stop_table,PASS,no problem found,
P013A,"5 no part, number or hardware the source does not support",PASS,no problem found,
P013A,6 shared failure wording and glossary used,PASS,no problem found,
P013A,7 understandable to a rider,PASS,no problem found,
P013A,8 can_ride_to_workshop sensible and consistent,PASS,no problem found,
P013A,"9 canonical sentences exact, each sentence 25 words or fewer",PASS,no problem found,
P013A,10 Hindi-translatability,PASS,no problem found,
P013A,11 applies_when correct,PASS,no problem found,
P013E,1 meaning matches standard title and structure,PASS,no problem found,
P013E,"2 causes plausible for a small bike, not car-only",PASS,no problem found,
P013E,"3 advice free of reversals, circular advice and danger",PASS,no problem found,
P013E,4 level correct under RUBRIC.md and stop_table,PASS,no problem found,
P013E,"5 no part, number or hardware the source does not support",PASS,no problem found,
P013E,6 shared failure wording and glossary used,PASS,no problem found,
P013E,7 understandable to a rider,PASS,no problem found,
P013E,8 can_ride_to_workshop sensible and consistent,PASS,no problem found,
P013E,"9 canonical sentences exact, each sentence 25 words or fewer",PASS,no problem found,
P013E,10 Hindi-translatability,PASS,no problem found,
P013E,11 applies_when correct,PASS,no problem found,
P0141,1 meaning matches standard title and structure,PASS,no problem found,
P0141,"2 causes plausible for a small bike, not car-only",PASS,no problem found,
P0141,"3 advice free of reversals, circular advice and danger",PASS,no problem found,
P0141,4 level correct under RUBRIC.md and stop_table,PASS,no problem found,
P0141,"5 no part, number or hardware the source does not support",PASS,no problem found,
P0141,6 shared failure wording and glossary used,PASS,no problem found,
P0141,7 understandable to a rider,PASS,no problem found,
P0141,8 can_ride_to_workshop sensible and consistent,PASS,no problem found,
P0141,"9 canonical sentences exact, each sentence 25 words or fewer",PASS,no problem found,
P0141,10 Hindi-translatability,PASS,no problem found,
P0141,11 applies_when correct,PASS,no problem found,
P014C,1 meaning matches standard title and structure,PASS,no problem found,
P014C,"2 causes plausible for a small bike, not car-only",PASS,no problem found,
P014C,"3 advice free of reversals, circular advice and danger",PASS,no problem found,
P014C,4 level correct under RUBRIC.md and stop_table,PASS,no problem found,
P014C,"5 no part, number or hardware the source does not support",PASS,no problem found,
P014C,6 shared failure wording and glossary used,PASS,no problem found,
P014C,7 understandable to a rider,PASS,no problem found,
P014C,8 can_ride_to_workshop sensible and consistent,PASS,no problem found,
P014C,"9 canonical sentences exact, each sentence 25 words or fewer",PASS,no problem found,
P014C,10 Hindi-translatability,PASS,no problem found,
P014C,11 applies_when correct,PASS,no problem found,
P015A,1 meaning matches standard title and structure,PASS,no problem found,
P015A,"2 causes plausible for a small bike, not car-only",PASS,no problem found,
P015A,"3 advice free of reversals, circular advice and danger",PASS,no problem found,
P015A,4 level correct under RUBRIC.md and stop_table,PASS,no problem found,
P015A,"5 no part, number or hardware the source does not support",PASS,no problem found,
P015A,6 shared failure wording and glossary used,PASS,no problem found,
P015A,7 understandable to a rider,PASS,no problem found,
P015A,8 can_ride_to_workshop sensible and consistent,PASS,no problem found,
P015A,"9 canonical sentences exact, each sentence 25 words or fewer",PASS,no problem found,
P015A,10 Hindi-translatability,PASS,no problem found,
P015A,11 applies_when correct,PASS,no problem found,
P015B,1 meaning matches standard title and structure,PASS,no problem found,
P015B,"2 causes plausible for a small bike, not car-only",PASS,no problem found,
P015B,"3 advice free of reversals, circular advice and danger",PASS,no problem found,
P015B,4 level correct under RUBRIC.md and stop_table,PASS,no problem found,
P015B,"5 no part, number or hardware the source does not support",PASS,no problem found,
P015B,6 shared failure wording and glossary used,PASS,no problem found,
P015B,7 understandable to a rider,PASS,no problem found,
P015B,8 can_ride_to_workshop sensible and consistent,PASS,no problem found,
P015B,"9 canonical sentences exact, each sentence 25 words or fewer",PASS,no problem found,
P015B,10 Hindi-translatability,PASS,no problem found,
P015B,11 applies_when correct,PASS,no problem found,
P0196,1 meaning matches standard title and structure,PASS,no problem found,
P0196,"2 causes plausible for a small bike, not car-only",PASS,no problem found,
P0196,"3 advice free of reversals, circular advice and danger",PASS,no problem found,
P0196,4 level correct under RUBRIC.md and stop_table,PASS,no problem found,
P0196,"5 no part, number or hardware the source does not support",PASS,no problem found,
P0196,6 shared failure wording and glossary used,PASS,no problem found,
P0196,7 understandable to a rider,PASS,no problem found,
P0196,8 can_ride_to_workshop sensible and consistent,PASS,no problem found,
P0196,"9 canonical sentences exact, each sentence 25 words or fewer",PASS,no problem found,
P0196,10 Hindi-translatability,PASS,no problem found,
P0196,11 applies_when correct,PASS,no problem found,
P0199,1 meaning matches standard title and structure,PASS,no problem found,
P0199,"2 causes plausible for a small bike, not car-only",PASS,no problem found,
P0199,"3 advice free of reversals, circular advice and danger",PASS,no problem found,
P0199,4 level correct under RUBRIC.md and stop_table,PASS,no problem found,
P0199,"5 no part, number or hardware the source does not support",PASS,no problem found,
P0199,6 shared failure wording and glossary used,PASS,no problem found,
P0199,7 understandable to a rider,PASS,no problem found,
P0199,8 can_ride_to_workshop sensible and consistent,PASS,no problem found,
P0199,"9 canonical sentences exact, each sentence 25 words or fewer",PASS,no problem found,
P0199,10 Hindi-translatability,PASS,no problem found,
P0199,11 applies_when correct,PASS,no problem found,
P0200,1 meaning matches standard title and structure,PASS,no problem found,
P0200,"2 causes plausible for a small bike, not car-only",PASS,no problem found,
P0200,"3 advice free of reversals, circular advice and danger",PASS,no problem found,
P0200,4 level correct under RUBRIC.md and stop_table,PASS,no problem found,
P0200,"5 no part, number or hardware the source does not support",PASS,no problem found,
P0200,6 shared failure wording and glossary used,PASS,no problem found,
P0200,7 understandable to a rider,PASS,no problem found,
P0200,8 can_ride_to_workshop sensible and consistent,PASS,no problem found,
P0200,"9 canonical sentences exact, each sentence 25 words or fewer",PASS,no problem found,
P0200,10 Hindi-translatability,PASS,no problem found,
P0200,11 applies_when correct,PASS,no problem found,
P0201,1 meaning matches standard title and structure,PASS,no problem found,
P0201,"2 causes plausible for a small bike, not car-only",PASS,no problem found,
P0201,"3 advice free of reversals, circular advice and danger",PASS,no problem found,
P0201,4 level correct under RUBRIC.md and stop_table,CONCERN,"STOP rests on 'no fuel or no spark stops a single'; on a twin the other cylinder keeps running, which is exactly why the cylinder 2 siblings (P0202, P0264, P0265, P0352, P2303 to P2305) were set to SERVICE_SOON","Owner to decide: keep STOP and add 'on a twin the other cylinder may keep running', or give twins their own wording through applies_when."
P0201,"5 no part, number or hardware the source does not support",PASS,no problem found,
P0201,6 shared failure wording and glossary used,PASS,no problem found,
P0201,7 understandable to a rider,PASS,no problem found,
P0201,8 can_ride_to_workshop sensible and consistent,PASS,no problem found,
P0201,"9 canonical sentences exact, each sentence 25 words or fewer",PASS,no problem found,
P0201,10 Hindi-translatability,PASS,no problem found,
P0201,11 applies_when correct,PASS,no problem found,
P0202,1 meaning matches standard title and structure,PASS,no problem found,
P0202,"2 causes plausible for a small bike, not car-only",PASS,no problem found,
P0202,"3 advice free of reversals, circular advice and danger",PASS,no problem found,
P0202,4 level correct under RUBRIC.md and stop_table,PASS,no problem found,
P0202,"5 no part, number or hardware the source does not support",PASS,no problem found,
P0202,6 shared failure wording and glossary used,PASS,no problem found,
P0202,7 understandable to a rider,PASS,no problem found,
P0202,8 can_ride_to_workshop sensible and consistent,PASS,no problem found,
P0202,"9 canonical sentences exact, each sentence 25 words or fewer",PASS,no problem found,
P0202,10 Hindi-translatability,PASS,no problem found,
P0202,11 applies_when correct,PASS,no problem found,
P0217,1 meaning matches standard title and structure,PASS,no problem found,
P0217,"2 causes plausible for a small bike, not car-only",PASS,no problem found,
P0217,"3 advice free of reversals, circular advice and danger",PASS,no problem found,
P0217,4 level correct under RUBRIC.md and stop_table,PASS,no problem found,
P0217,"5 no part, number or hardware the source does not support",PASS,no problem found,
P0217,6 shared failure wording and glossary used,PASS,no problem found,
P0217,7 understandable to a rider,PASS,no problem found,
P0217,8 can_ride_to_workshop sensible and consistent,PASS,no problem found,
P0217,"9 canonical sentences exact, each sentence 25 words or fewer",PASS,no problem found,
P0217,10 Hindi-translatability,PASS,no problem found,
P0217,11 applies_when correct,CONCERN,meaning and causes are coolant-specific but applies_when is empty,Add {liquid_cooled: true} or reword for air-cooled and oil-cooled bikes.
P0219,1 meaning matches standard title and structure,PASS,no problem found,
P0219,"2 causes plausible for a small bike, not car-only",PASS,no problem found,
P0219,"3 advice free of reversals, circular advice and danger",PASS,no problem found,
P0219,4 level correct under RUBRIC.md and stop_table,PASS,no problem found,
P0219,"5 no part, number or hardware the source does not support",PASS,no problem found,
P0219,6 shared failure wording and glossary used,PASS,no problem found,
P0219,7 understandable to a rider,PASS,no problem found,
P0219,8 can_ride_to_workshop sensible and consistent,PASS,no problem found,
P0219,"9 canonical sentences exact, each sentence 25 words or fewer",PASS,no problem found,
P0219,10 Hindi-translatability,PASS,no problem found,
P0219,11 applies_when correct,PASS,no problem found,
P0220,1 meaning matches standard title and structure,PASS,no problem found,
P0220,"2 causes plausible for a small bike, not car-only",PASS,no problem found,
P0220,"3 advice free of reversals, circular advice and danger",PASS,no problem found,
P0220,4 level correct under RUBRIC.md and stop_table,PASS,no problem found,
P0220,"5 no part, number or hardware the source does not support",PASS,no problem found,
P0220,6 shared failure wording and glossary used,PASS,no problem found,
P0220,7 understandable to a rider,PASS,no problem found,
P0220,8 can_ride_to_workshop sensible and consistent,PASS,no problem found,
P0220,"9 canonical sentences exact, each sentence 25 words or fewer",PASS,no problem found,
P0220,10 Hindi-translatability,PASS,no problem found,
P0220,11 applies_when correct,PASS,no problem found,
P0221,1 meaning matches standard title and structure,PASS,no problem found,
P0221,"2 causes plausible for a small bike, not car-only",PASS,no problem found,
P0221,"3 advice free of reversals, circular advice and danger",PASS,no problem found,
P0221,4 level correct under RUBRIC.md and stop_table,PASS,no problem found,
P0221,"5 no part, number or hardware the source does not support",PASS,no problem found,
P0221,6 shared failure wording and glossary used,PASS,no problem found,
P0221,7 understandable to a rider,PASS,no problem found,
P0221,8 can_ride_to_workshop sensible and consistent,PASS,no problem found,
P0221,"9 canonical sentences exact, each sentence 25 words or fewer",PASS,no problem found,
P0221,10 Hindi-translatability,PASS,no problem found,
P0221,11 applies_when correct,PASS,no problem found,
P0222,1 meaning matches standard title and structure,PASS,no problem found,
P0222,"2 causes plausible for a small bike, not car-only",PASS,no problem found,
P0222,"3 advice free of reversals, circular advice and danger",PASS,no problem found,
P0222,4 level correct under RUBRIC.md and stop_table,PASS,no problem found,
P0222,"5 no part, number or hardware the source does not support",PASS,no problem found,
P0222,6 shared failure wording and glossary used,PASS,no problem found,
P0222,7 understandable to a rider,PASS,no problem found,
P0222,8 can_ride_to_workshop sensible and consistent,PASS,no problem found,
P0222,"9 canonical sentences exact, each sentence 25 words or fewer",PASS,no problem found,
P0222,10 Hindi-translatability,PASS,no problem found,
P0222,11 applies_when correct,PASS,no problem found,
P0223,1 meaning matches standard title and structure,PASS,no problem found,
P0223,"2 causes plausible for a small bike, not car-only",PASS,no problem found,
P0223,"3 advice free of reversals, circular advice and danger",PASS,no problem found,
P0223,4 level correct under RUBRIC.md and stop_table,PASS,no problem found,
P0223,"5 no part, number or hardware the source does not support",PASS,no problem found,
P0223,6 shared failure wording and glossary used,PASS,no problem found,
P0223,7 understandable to a rider,PASS,no problem found,
P0223,8 can_ride_to_workshop sensible and consistent,PASS,no problem found,
P0223,"9 canonical sentences exact, each sentence 25 words or fewer",PASS,no problem found,
P0223,10 Hindi-translatability,PASS,no problem found,
P0223,11 applies_when correct,PASS,no problem found,
P0224,1 meaning matches standard title and structure,PASS,no problem found,
P0224,"2 causes plausible for a small bike, not car-only",PASS,no problem found,
P0224,"3 advice free of reversals, circular advice and danger",PASS,no problem found,
P0224,4 level correct under RUBRIC.md and stop_table,PASS,no problem found,
P0224,"5 no part, number or hardware the source does not support",PASS,no problem found,
P0224,6 shared failure wording and glossary used,PASS,no problem found,
P0224,7 understandable to a rider,PASS,no problem found,
P0224,8 can_ride_to_workshop sensible and consistent,PASS,no problem found,
P0224,"9 canonical sentences exact, each sentence 25 words or fewer",PASS,no problem found,
P0224,10 Hindi-translatability,CONCERN,'misbehave' (basis or reason) is an idiom,Use 'work wrongly'.
P0224,11 applies_when correct,PASS,no problem found,
P0230,1 meaning matches standard title and structure,PASS,no problem found,
P0230,"2 causes plausible for a small bike, not car-only",PASS,no problem found,
P0230,"3 advice free of reversals, circular advice and danger",PASS,no problem found,
P0230,4 level correct under RUBRIC.md and stop_table,PASS,no problem found,
P0230,"5 no part, number or hardware the source does not support",PASS,no problem found,
P0230,6 shared failure wording and glossary used,PASS,no problem found,
P0230,7 understandable to a rider,PASS,no problem found,
P0230,8 can_ride_to_workshop sensible and consistent,PASS,no problem found,
P0230,"9 canonical sentences exact, each sentence 25 words or fewer",PASS,no problem found,
P0230,10 Hindi-translatability,PASS,no problem found,
P0230,11 applies_when correct,PASS,no problem found,
P0231,1 meaning matches standard title and structure,CONCERN,"standard title says 'Fuel Pump Secondary Circuit'; the entry renames it 'power circuit', which is the author's reading and not in the title",Use 'fuel pump circuit (secondary)' in title and meaning until the owner's assistant has checked what secondary means here.
P0231,"2 causes plausible for a small bike, not car-only",PASS,no problem found,
P0231,"3 advice free of reversals, circular advice and danger",PASS,no problem found,
P0231,4 level correct under RUBRIC.md and stop_table,PASS,no problem found,
P0231,"5 no part, number or hardware the source does not support",PASS,no problem found,
P0231,6 shared failure wording and glossary used,PASS,no problem found,
P0231,7 understandable to a rider,PASS,no problem found,
P0231,8 can_ride_to_workshop sensible and consistent,PASS,no problem found,
P0231,"9 canonical sentences exact, each sentence 25 words or fewer",PASS,no problem found,
P0231,10 Hindi-translatability,PASS,no problem found,
P0231,11 applies_when correct,PASS,no problem found,
P0232,1 meaning matches standard title and structure,CONCERN,"standard title says 'Fuel Pump Secondary Circuit'; the entry renames it 'power circuit', which is the author's reading and not in the title",Use 'fuel pump circuit (secondary)' in title and meaning until the owner's assistant has checked what secondary means here.
P0232,"2 causes plausible for a small bike, not car-only",PASS,no problem found,
P0232,"3 advice free of reversals, circular advice and danger",PASS,no problem found,
P0232,4 level correct under RUBRIC.md and stop_table,PASS,no problem found,
P0232,"5 no part, number or hardware the source does not support",PASS,no problem found,
P0232,6 shared failure wording and glossary used,PASS,no problem found,
P0232,7 understandable to a rider,CONCERN,"does not say why a pump that stays powered matters (flat battery, fuel pressure)",Add 'the battery may go flat' if the owner agrees.
P0232,8 can_ride_to_workshop sensible and consistent,PASS,no problem found,
P0232,"9 canonical sentences exact, each sentence 25 words or fewer",PASS,no problem found,
P0232,10 Hindi-translatability,PASS,no problem found,
P0232,11 applies_when correct,PASS,no problem found,
P0233,1 meaning matches standard title and structure,CONCERN,"standard title says 'Fuel Pump Secondary Circuit'; the entry renames it 'power circuit', which is the author's reading and not in the title",Use 'fuel pump circuit (secondary)' in title and meaning until the owner's assistant has checked what secondary means here.
P0233,"2 causes plausible for a small bike, not car-only",PASS,no problem found,
P0233,"3 advice free of reversals, circular advice and danger",PASS,no problem found,
P0233,4 level correct under RUBRIC.md and stop_table,PASS,no problem found,
P0233,"5 no part, number or hardware the source does not support",PASS,no problem found,
P0233,6 shared failure wording and glossary used,PASS,no problem found,
P0233,7 understandable to a rider,PASS,no problem found,
P0233,8 can_ride_to_workshop sensible and consistent,PASS,no problem found,
P0233,"9 canonical sentences exact, each sentence 25 words or fewer",PASS,no problem found,
P0233,10 Hindi-translatability,PASS,no problem found,
P0233,11 applies_when correct,PASS,no problem found,
P0261,1 meaning matches standard title and structure,PASS,no problem found,
P0261,"2 causes plausible for a small bike, not car-only",PASS,no problem found,
P0261,"3 advice free of reversals, circular advice and danger",PASS,no problem found,
P0261,4 level correct under RUBRIC.md and stop_table,CONCERN,"STOP rests on 'no fuel or no spark stops a single'; on a twin the other cylinder keeps running, which is exactly why the cylinder 2 siblings (P0202, P0264, P0265, P0352, P2303 to P2305) were set to SERVICE_SOON","Owner to decide: keep STOP and add 'on a twin the other cylinder may keep running', or give twins their own wording through applies_when."
P0261,"5 no part, number or hardware the source does not support",PASS,no problem found,
P0261,6 shared failure wording and glossary used,PASS,no problem found,
P0261,7 understandable to a rider,PASS,no problem found,
P0261,8 can_ride_to_workshop sensible and consistent,PASS,no problem found,
P0261,"9 canonical sentences exact, each sentence 25 words or fewer",PASS,no problem found,
P0261,10 Hindi-translatability,PASS,no problem found,
P0261,11 applies_when correct,PASS,no problem found,
P0262,1 meaning matches standard title and structure,PASS,no problem found,
P0262,"2 causes plausible for a small bike, not car-only",PASS,no problem found,
P0262,"3 advice free of reversals, circular advice and danger",PASS,no problem found,
P0262,4 level correct under RUBRIC.md and stop_table,CONCERN,"STOP rests on 'no fuel or no spark stops a single'; on a twin the other cylinder keeps running, which is exactly why the cylinder 2 siblings (P0202, P0264, P0265, P0352, P2303 to P2305) were set to SERVICE_SOON","Owner to decide: keep STOP and add 'on a twin the other cylinder may keep running', or give twins their own wording through applies_when."
P0262,"5 no part, number or hardware the source does not support",PASS,no problem found,
P0262,6 shared failure wording and glossary used,PASS,no problem found,
P0262,7 understandable to a rider,PASS,no problem found,
P0262,8 can_ride_to_workshop sensible and consistent,PASS,no problem found,
P0262,"9 canonical sentences exact, each sentence 25 words or fewer",PASS,no problem found,
P0262,10 Hindi-translatability,PASS,no problem found,
P0262,11 applies_when correct,PASS,no problem found,
P0263,1 meaning matches standard title and structure,PASS,no problem found,
P0263,"2 causes plausible for a small bike, not car-only",PASS,no problem found,
P0263,"3 advice free of reversals, circular advice and danger",PASS,no problem found,
P0263,4 level correct under RUBRIC.md and stop_table,PASS,no problem found,
P0263,"5 no part, number or hardware the source does not support",PASS,no problem found,
P0263,6 shared failure wording and glossary used,PASS,no problem found,
P0263,7 understandable to a rider,PASS,no problem found,
P0263,8 can_ride_to_workshop sensible and consistent,PASS,no problem found,
P0263,"9 canonical sentences exact, each sentence 25 words or fewer",PASS,no problem found,
P0263,10 Hindi-translatability,PASS,no problem found,
P0263,11 applies_when correct,PASS,no problem found,
P0264,1 meaning matches standard title and structure,PASS,no problem found,
P0264,"2 causes plausible for a small bike, not car-only",PASS,no problem found,
P0264,"3 advice free of reversals, circular advice and danger",PASS,no problem found,
P0264,4 level correct under RUBRIC.md and stop_table,PASS,no problem found,
P0264,"5 no part, number or hardware the source does not support",PASS,no problem found,
P0264,6 shared failure wording and glossary used,PASS,no problem found,
P0264,7 understandable to a rider,PASS,no problem found,
P0264,8 can_ride_to_workshop sensible and consistent,PASS,no problem found,
P0264,"9 canonical sentences exact, each sentence 25 words or fewer",PASS,no problem found,
P0264,10 Hindi-translatability,PASS,no problem found,
P0264,11 applies_when correct,PASS,no problem found,
P0265,1 meaning matches standard title and structure,PASS,no problem found,
P0265,"2 causes plausible for a small bike, not car-only",PASS,no problem found,
P0265,"3 advice free of reversals, circular advice and danger",PASS,no problem found,
P0265,4 level correct under RUBRIC.md and stop_table,PASS,no problem found,
P0265,"5 no part, number or hardware the source does not support",PASS,no problem found,
P0265,6 shared failure wording and glossary used,PASS,no problem found,
P0265,7 understandable to a rider,PASS,no problem found,
P0265,8 can_ride_to_workshop sensible and consistent,PASS,no problem found,
P0265,"9 canonical sentences exact, each sentence 25 words or fewer",PASS,no problem found,
P0265,10 Hindi-translatability,PASS,no problem found,
P0265,11 applies_when correct,PASS,no problem found,
P0302,1 meaning matches standard title and structure,PASS,no problem found,
P0302,"2 causes plausible for a small bike, not car-only",PASS,no problem found,
P0302,"3 advice free of reversals, circular advice and danger",PASS,no problem found,
P0302,4 level correct under RUBRIC.md and stop_table,PASS,no problem found,
P0302,"5 no part, number or hardware the source does not support",PASS,no problem found,
P0302,6 shared failure wording and glossary used,PASS,no problem found,
P0302,7 understandable to a rider,PASS,no problem found,
P0302,8 can_ride_to_workshop sensible and consistent,PASS,no problem found,
P0302,"9 canonical sentences exact, each sentence 25 words or fewer",PASS,no problem found,
P0302,10 Hindi-translatability,PASS,no problem found,
P0302,11 applies_when correct,PASS,no problem found,
P0320,1 meaning matches standard title and structure,PASS,no problem found,
P0320,"2 causes plausible for a small bike, not car-only",PASS,no problem found,
P0320,"3 advice free of reversals, circular advice and danger",PASS,no problem found,
P0320,4 level correct under RUBRIC.md and stop_table,PASS,no problem found,
P0320,"5 no part, number or hardware the source does not support",PASS,no problem found,
P0320,6 shared failure wording and glossary used,PASS,no problem found,
P0320,7 understandable to a rider,PASS,no problem found,
P0320,8 can_ride_to_workshop sensible and consistent,PASS,no problem found,
P0320,"9 canonical sentences exact, each sentence 25 words or fewer",PASS,no problem found,
P0320,10 Hindi-translatability,PASS,no problem found,
P0320,11 applies_when correct,PASS,no problem found,
P0321,1 meaning matches standard title and structure,CONCERN,"meaning says the signal is 'in range'; the standard title is range/performance, which also covers out-of-range readings","The engine speed signal does not match what the ECU expects, so engine speed may be misread."
P0321,"2 causes plausible for a small bike, not car-only",PASS,no problem found,
P0321,"3 advice free of reversals, circular advice and danger",PASS,no problem found,
P0321,4 level correct under RUBRIC.md and stop_table,PASS,no problem found,
P0321,"5 no part, number or hardware the source does not support",PASS,no problem found,
P0321,6 shared failure wording and glossary used,PASS,no problem found,
P0321,7 understandable to a rider,CONCERN,'plausibility check' is jargon in a rider sentence,See check 1.
P0321,8 can_ride_to_workshop sensible and consistent,PASS,no problem found,
P0321,"9 canonical sentences exact, each sentence 25 words or fewer",PASS,no problem found,
P0321,10 Hindi-translatability,PASS,no problem found,
P0321,11 applies_when correct,PASS,no problem found,
P0322,1 meaning matches standard title and structure,PASS,no problem found,
P0322,"2 causes plausible for a small bike, not car-only",CONCERN,'Dead pickup' is informal,Use 'Failed pickup'.
P0322,"3 advice free of reversals, circular advice and danger",PASS,no problem found,
P0322,4 level correct under RUBRIC.md and stop_table,PASS,no problem found,
P0322,"5 no part, number or hardware the source does not support",PASS,no problem found,
P0322,6 shared failure wording and glossary used,PASS,no problem found,
P0322,7 understandable to a rider,PASS,no problem found,
P0322,8 can_ride_to_workshop sensible and consistent,PASS,no problem found,
P0322,"9 canonical sentences exact, each sentence 25 words or fewer",PASS,no problem found,
P0322,10 Hindi-translatability,PASS,no problem found,
P0322,11 applies_when correct,PASS,no problem found,
P0323,1 meaning matches standard title and structure,PASS,no problem found,
P0323,"2 causes plausible for a small bike, not car-only",PASS,no problem found,
P0323,"3 advice free of reversals, circular advice and danger",PASS,no problem found,
P0323,4 level correct under RUBRIC.md and stop_table,PASS,no problem found,
P0323,"5 no part, number or hardware the source does not support",PASS,no problem found,
P0323,6 shared failure wording and glossary used,PASS,no problem found,
P0323,7 understandable to a rider,PASS,no problem found,
P0323,8 can_ride_to_workshop sensible and consistent,PASS,no problem found,
P0323,"9 canonical sentences exact, each sentence 25 words or fewer",PASS,no problem found,
P0323,10 Hindi-translatability,PASS,no problem found,
P0323,11 applies_when correct,PASS,no problem found,
P0328,1 meaning matches standard title and structure,CONCERN,"the owner's assistant verified a title for this code, but standard_title_en still holds the OBDex wording (P0351 and P0352 add '(Cylinder N)'; P0325, P0327, P0328 lack 'or Single Sensor'; P0326 uses another sensor name than its siblings; P0505 says 'Idle Air Control')",Move the verified title into title_overrides.csv so standard_title_en and title_basis 'override' record it; P0325 to P0328 should share one pattern.
P0328,"2 causes plausible for a small bike, not car-only",PASS,no problem found,
P0328,"3 advice free of reversals, circular advice and danger",PASS,no problem found,
P0328,4 level correct under RUBRIC.md and stop_table,PASS,no problem found,
P0328,"5 no part, number or hardware the source does not support",PASS,no problem found,
P0328,6 shared failure wording and glossary used,PASS,no problem found,
P0328,7 understandable to a rider,PASS,no problem found,
P0328,8 can_ride_to_workshop sensible and consistent,PASS,no problem found,
P0328,"9 canonical sentences exact, each sentence 25 words or fewer",PASS,no problem found,
P0328,10 Hindi-translatability,PASS,no problem found,
P0328,11 applies_when correct,PASS,no problem found,
P0335,1 meaning matches standard title and structure,PASS,no problem found,
P0335,"2 causes plausible for a small bike, not car-only",PASS,no problem found,
P0335,"3 advice free of reversals, circular advice and danger",PASS,no problem found,
P0335,4 level correct under RUBRIC.md and stop_table,PASS,no problem found,
P0335,"5 no part, number or hardware the source does not support",PASS,no problem found,
P0335,6 shared failure wording and glossary used,PASS,no problem found,
P0335,7 understandable to a rider,PASS,no problem found,
P0335,8 can_ride_to_workshop sensible and consistent,PASS,no problem found,
P0335,"9 canonical sentences exact, each sentence 25 words or fewer",PASS,no problem found,
P0335,10 Hindi-translatability,PASS,no problem found,
P0335,11 applies_when correct,PASS,no problem found,
P0336,1 meaning matches standard title and structure,PASS,no problem found,
P0336,"2 causes plausible for a small bike, not car-only",PASS,no problem found,
P0336,"3 advice free of reversals, circular advice and danger",PASS,no problem found,
P0336,4 level correct under RUBRIC.md and stop_table,PASS,no problem found,
P0336,"5 no part, number or hardware the source does not support",PASS,no problem found,
P0336,6 shared failure wording and glossary used,PASS,no problem found,
P0336,7 understandable to a rider,PASS,no problem found,
P0336,8 can_ride_to_workshop sensible and consistent,PASS,no problem found,
P0336,"9 canonical sentences exact, each sentence 25 words or fewer",PASS,no problem found,
P0336,10 Hindi-translatability,PASS,no problem found,
P0336,11 applies_when correct,PASS,no problem found,
P0337,1 meaning matches standard title and structure,PASS,no problem found,
P0337,"2 causes plausible for a small bike, not car-only",PASS,no problem found,
P0337,"3 advice free of reversals, circular advice and danger",PASS,no problem found,
P0337,4 level correct under RUBRIC.md and stop_table,PASS,no problem found,
P0337,"5 no part, number or hardware the source does not support",PASS,no problem found,
P0337,6 shared failure wording and glossary used,PASS,no problem found,
P0337,7 understandable to a rider,PASS,no problem found,
P0337,8 can_ride_to_workshop sensible and consistent,PASS,no problem found,
P0337,"9 canonical sentences exact, each sentence 25 words or fewer",PASS,no problem found,
P0337,10 Hindi-translatability,PASS,no problem found,
P0337,11 applies_when correct,PASS,no problem found,
P0338,1 meaning matches standard title and structure,PASS,no problem found,
P0338,"2 causes plausible for a small bike, not car-only",PASS,no problem found,
P0338,"3 advice free of reversals, circular advice and danger",PASS,no problem found,
P0338,4 level correct under RUBRIC.md and stop_table,PASS,no problem found,
P0338,"5 no part, number or hardware the source does not support",PASS,no problem found,
P0338,6 shared failure wording and glossary used,PASS,no problem found,
P0338,7 understandable to a rider,PASS,no problem found,
P0338,8 can_ride_to_workshop sensible and consistent,PASS,no problem found,
P0338,"9 canonical sentences exact, each sentence 25 words or fewer",PASS,no problem found,
P0338,10 Hindi-translatability,PASS,no problem found,
P0338,11 applies_when correct,PASS,no problem found,
P0339,1 meaning matches standard title and structure,PASS,no problem found,
P0339,"2 causes plausible for a small bike, not car-only",PASS,no problem found,
P0339,"3 advice free of reversals, circular advice and danger",PASS,no problem found,
P0339,4 level correct under RUBRIC.md and stop_table,PASS,no problem found,
P0339,"5 no part, number or hardware the source does not support",PASS,no problem found,
P0339,6 shared failure wording and glossary used,PASS,no problem found,
P0339,7 understandable to a rider,PASS,no problem found,
P0339,8 can_ride_to_workshop sensible and consistent,PASS,no problem found,
P0339,"9 canonical sentences exact, each sentence 25 words or fewer",PASS,no problem found,
P0339,10 Hindi-translatability,PASS,no problem found,
P0339,11 applies_when correct,PASS,no problem found,
P033F,1 meaning matches standard title and structure,PASS,no problem found,
P033F,"2 causes plausible for a small bike, not car-only",PASS,no problem found,
P033F,"3 advice free of reversals, circular advice and danger",PASS,no problem found,
P033F,4 level correct under RUBRIC.md and stop_table,PASS,no problem found,
P033F,"5 no part, number or hardware the source does not support",PASS,no problem found,
P033F,6 shared failure wording and glossary used,PASS,no problem found,
P033F,7 understandable to a rider,PASS,no problem found,
P033F,8 can_ride_to_workshop sensible and consistent,PASS,no problem found,
P033F,"9 canonical sentences exact, each sentence 25 words or fewer",PASS,no problem found,
P033F,10 Hindi-translatability,CONCERN,'jumped timing chain': the validator blocks 'jumps' but not 'jumped',Use 'worn or slipped timing chain (rare)' and add 'jumped' to the idiom list.
P033F,11 applies_when correct,PASS,no problem found,
P0340,1 meaning matches standard title and structure,PASS,no problem found,
P0340,"2 causes plausible for a small bike, not car-only",PASS,no problem found,
P0340,"3 advice free of reversals, circular advice and danger",PASS,no problem found,
P0340,4 level correct under RUBRIC.md and stop_table,PASS,no problem found,
P0340,"5 no part, number or hardware the source does not support",PASS,no problem found,
P0340,6 shared failure wording and glossary used,PASS,no problem found,
P0340,7 understandable to a rider,PASS,no problem found,
P0340,8 can_ride_to_workshop sensible and consistent,PASS,no problem found,
P0340,"9 canonical sentences exact, each sentence 25 words or fewer",PASS,no problem found,
P0340,10 Hindi-translatability,PASS,no problem found,
P0340,11 applies_when correct,PASS,no problem found,
P0341,1 meaning matches standard title and structure,PASS,no problem found,
P0341,"2 causes plausible for a small bike, not car-only",PASS,no problem found,
P0341,"3 advice free of reversals, circular advice and danger",PASS,no problem found,
P0341,4 level correct under RUBRIC.md and stop_table,PASS,no problem found,
P0341,"5 no part, number or hardware the source does not support",PASS,no problem found,
P0341,6 shared failure wording and glossary used,PASS,no problem found,
P0341,7 understandable to a rider,PASS,no problem found,
P0341,8 can_ride_to_workshop sensible and consistent,PASS,no problem found,
P0341,"9 canonical sentences exact, each sentence 25 words or fewer",PASS,no problem found,
P0341,10 Hindi-translatability,PASS,no problem found,
P0341,11 applies_when correct,PASS,no problem found,
P0350,1 meaning matches standard title and structure,PASS,no problem found,
P0350,"2 causes plausible for a small bike, not car-only",PASS,no problem found,
P0350,"3 advice free of reversals, circular advice and danger",PASS,no problem found,
P0350,4 level correct under RUBRIC.md and stop_table,PASS,no problem found,
P0350,"5 no part, number or hardware the source does not support",PASS,no problem found,
P0350,6 shared failure wording and glossary used,PASS,no problem found,
P0350,7 understandable to a rider,PASS,no problem found,
P0350,8 can_ride_to_workshop sensible and consistent,PASS,no problem found,
P0350,"9 canonical sentences exact, each sentence 25 words or fewer",PASS,no problem found,
P0350,10 Hindi-translatability,PASS,no problem found,
P0350,11 applies_when correct,PASS,no problem found,
P0351,1 meaning matches standard title and structure,CONCERN,"the owner's assistant verified a title for this code, but standard_title_en still holds the OBDex wording (P0351 and P0352 add '(Cylinder N)'; P0325, P0327, P0328 lack 'or Single Sensor'; P0326 uses another sensor name than its siblings; P0505 says 'Idle Air Control')",Move the verified title into title_overrides.csv so standard_title_en and title_basis 'override' record it; P0325 to P0328 should share one pattern.
P0351,"2 causes plausible for a small bike, not car-only",PASS,no problem found,
P0351,"3 advice free of reversals, circular advice and danger",PASS,no problem found,
P0351,4 level correct under RUBRIC.md and stop_table,CONCERN,"STOP rests on 'no fuel or no spark stops a single'; on a twin the other cylinder keeps running, which is exactly why the cylinder 2 siblings (P0202, P0264, P0265, P0352, P2303 to P2305) were set to SERVICE_SOON","Owner to decide: keep STOP and add 'on a twin the other cylinder may keep running', or give twins their own wording through applies_when."
P0351,"5 no part, number or hardware the source does not support",PASS,no problem found,
P0351,6 shared failure wording and glossary used,PASS,no problem found,
P0351,7 understandable to a rider,PASS,no problem found,
P0351,8 can_ride_to_workshop sensible and consistent,PASS,no problem found,
P0351,"9 canonical sentences exact, each sentence 25 words or fewer",PASS,no problem found,
P0351,10 Hindi-translatability,PASS,no problem found,
P0351,11 applies_when correct,PASS,no problem found,
P0352,1 meaning matches standard title and structure,CONCERN,"the owner's assistant verified a title for this code, but standard_title_en still holds the OBDex wording (P0351 and P0352 add '(Cylinder N)'; P0325, P0327, P0328 lack 'or Single Sensor'; P0326 uses another sensor name than its siblings; P0505 says 'Idle Air Control')",Move the verified title into title_overrides.csv so standard_title_en and title_basis 'override' record it; P0325 to P0328 should share one pattern.
P0352,"2 causes plausible for a small bike, not car-only",PASS,no problem found,
P0352,"3 advice free of reversals, circular advice and danger",PASS,no problem found,
P0352,4 level correct under RUBRIC.md and stop_table,PASS,no problem found,
P0352,"5 no part, number or hardware the source does not support",PASS,no problem found,
P0352,6 shared failure wording and glossary used,PASS,no problem found,
P0352,7 understandable to a rider,PASS,no problem found,
P0352,8 can_ride_to_workshop sensible and consistent,PASS,no problem found,
P0352,"9 canonical sentences exact, each sentence 25 words or fewer",PASS,no problem found,
P0352,10 Hindi-translatability,PASS,no problem found,
P0352,11 applies_when correct,PASS,no problem found,
P0411,1 meaning matches standard title and structure,PASS,no problem found,
P0411,"2 causes plausible for a small bike, not car-only",PASS,no problem found,
P0411,"3 advice free of reversals, circular advice and danger",PASS,no problem found,
P0411,4 level correct under RUBRIC.md and stop_table,PASS,no problem found,
P0411,"5 no part, number or hardware the source does not support",PASS,no problem found,
P0411,6 shared failure wording and glossary used,PASS,no problem found,
P0411,7 understandable to a rider,PASS,no problem found,
P0411,8 can_ride_to_workshop sensible and consistent,PASS,no problem found,
P0411,"9 canonical sentences exact, each sentence 25 words or fewer",PASS,no problem found,
P0411,10 Hindi-translatability,PASS,no problem found,
P0411,11 applies_when correct,PASS,no problem found,
P0412,1 meaning matches standard title and structure,PASS,no problem found,
P0412,"2 causes plausible for a small bike, not car-only",PASS,no problem found,
P0412,"3 advice free of reversals, circular advice and danger",PASS,no problem found,
P0412,4 level correct under RUBRIC.md and stop_table,PASS,no problem found,
P0412,"5 no part, number or hardware the source does not support",PASS,no problem found,
P0412,6 shared failure wording and glossary used,PASS,no problem found,
P0412,7 understandable to a rider,PASS,no problem found,
P0412,8 can_ride_to_workshop sensible and consistent,PASS,no problem found,
P0412,"9 canonical sentences exact, each sentence 25 words or fewer",PASS,no problem found,
P0412,10 Hindi-translatability,PASS,no problem found,
P0412,11 applies_when correct,PASS,no problem found,
P0413,1 meaning matches standard title and structure,PASS,no problem found,
P0413,"2 causes plausible for a small bike, not car-only",PASS,no problem found,
P0413,"3 advice free of reversals, circular advice and danger",PASS,no problem found,
P0413,4 level correct under RUBRIC.md and stop_table,PASS,no problem found,
P0413,"5 no part, number or hardware the source does not support",PASS,no problem found,
P0413,6 shared failure wording and glossary used,PASS,no problem found,
P0413,7 understandable to a rider,PASS,no problem found,
P0413,8 can_ride_to_workshop sensible and consistent,PASS,no problem found,
P0413,"9 canonical sentences exact, each sentence 25 words or fewer",PASS,no problem found,
P0413,10 Hindi-translatability,PASS,no problem found,
P0413,11 applies_when correct,PASS,no problem found,
P0420,1 meaning matches standard title and structure,PASS,no problem found,
P0420,"2 causes plausible for a small bike, not car-only",PASS,no problem found,
P0420,"3 advice free of reversals, circular advice and danger",PASS,no problem found,
P0420,4 level correct under RUBRIC.md and stop_table,PASS,no problem found,
P0420,"5 no part, number or hardware the source does not support",PASS,no problem found,
P0420,6 shared failure wording and glossary used,PASS,no problem found,
P0420,7 understandable to a rider,PASS,no problem found,
P0420,8 can_ride_to_workshop sensible and consistent,PASS,no problem found,
P0420,"9 canonical sentences exact, each sentence 25 words or fewer",PASS,no problem found,
P0420,10 Hindi-translatability,PASS,no problem found,
P0420,11 applies_when correct,PASS,no problem found,
P0440,1 meaning matches standard title and structure,PASS,no problem found,
P0440,"2 causes plausible for a small bike, not car-only",PASS,no problem found,
P0440,"3 advice free of reversals, circular advice and danger",PASS,no problem found,
P0440,4 level correct under RUBRIC.md and stop_table,PASS,no problem found,
P0440,"5 no part, number or hardware the source does not support",PASS,no problem found,
P0440,6 shared failure wording and glossary used,PASS,no problem found,
P0440,7 understandable to a rider,PASS,no problem found,
P0440,8 can_ride_to_workshop sensible and consistent,PASS,no problem found,
P0440,"9 canonical sentences exact, each sentence 25 words or fewer",PASS,no problem found,
P0440,10 Hindi-translatability,PASS,no problem found,
P0440,11 applies_when correct,PASS,no problem found,
P0441,1 meaning matches standard title and structure,PASS,no problem found,
P0441,"2 causes plausible for a small bike, not car-only",PASS,no problem found,
P0441,"3 advice free of reversals, circular advice and danger",PASS,no problem found,
P0441,4 level correct under RUBRIC.md and stop_table,PASS,no problem found,
P0441,"5 no part, number or hardware the source does not support",PASS,no problem found,
P0441,6 shared failure wording and glossary used,PASS,no problem found,
P0441,7 understandable to a rider,PASS,no problem found,
P0441,8 can_ride_to_workshop sensible and consistent,PASS,no problem found,
P0441,"9 canonical sentences exact, each sentence 25 words or fewer",PASS,no problem found,
P0441,10 Hindi-translatability,PASS,no problem found,
P0441,11 applies_when correct,PASS,no problem found,
P0445,1 meaning matches standard title and structure,PASS,no problem found,
P0445,"2 causes plausible for a small bike, not car-only",CONCERN,first cause 'Shorted purge valve circuit' just repeats the title,Use 'Shorted purge valve coil or wire'.
P0445,"3 advice free of reversals, circular advice and danger",PASS,no problem found,
P0445,4 level correct under RUBRIC.md and stop_table,PASS,no problem found,
P0445,"5 no part, number or hardware the source does not support",PASS,no problem found,
P0445,6 shared failure wording and glossary used,CONCERN,'short circuit' is not on the list; the standard says only 'circuit shorted',Add 'short circuit (to ground or battery supply not stated)' to the list or use the existing two phrases only when the source names which.
P0445,7 understandable to a rider,PASS,no problem found,
P0445,8 can_ride_to_workshop sensible and consistent,PASS,no problem found,
P0445,"9 canonical sentences exact, each sentence 25 words or fewer",PASS,no problem found,
P0445,10 Hindi-translatability,PASS,no problem found,
P0445,11 applies_when correct,PASS,no problem found,
P0448,1 meaning matches standard title and structure,PASS,no problem found,
P0448,"2 causes plausible for a small bike, not car-only",PASS,no problem found,
P0448,"3 advice free of reversals, circular advice and danger",PASS,no problem found,
P0448,4 level correct under RUBRIC.md and stop_table,PASS,no problem found,
P0448,"5 no part, number or hardware the source does not support",PASS,no problem found,
P0448,6 shared failure wording and glossary used,PASS,no problem found,
P0448,7 understandable to a rider,PASS,no problem found,
P0448,8 can_ride_to_workshop sensible and consistent,PASS,no problem found,
P0448,"9 canonical sentences exact, each sentence 25 words or fewer",PASS,no problem found,
P0448,10 Hindi-translatability,PASS,no problem found,
P0448,11 applies_when correct,CONCERN,evap_fitted is too coarse: vent valves and pressure sensors are much rarer on bikes than a purge valve and canister,"Separate keys (evap_vent_valve_fitted, evap_pressure_sensor_fitted)."
P0451,1 meaning matches standard title and structure,PASS,no problem found,
P0451,"2 causes plausible for a small bike, not car-only",PASS,no problem found,
P0451,"3 advice free of reversals, circular advice and danger",PASS,no problem found,
P0451,4 level correct under RUBRIC.md and stop_table,PASS,no problem found,
P0451,"5 no part, number or hardware the source does not support",PASS,no problem found,
P0451,6 shared failure wording and glossary used,PASS,no problem found,
P0451,7 understandable to a rider,PASS,no problem found,
P0451,8 can_ride_to_workshop sensible and consistent,PASS,no problem found,
P0451,"9 canonical sentences exact, each sentence 25 words or fewer",PASS,no problem found,
P0451,10 Hindi-translatability,PASS,no problem found,
P0451,11 applies_when correct,CONCERN,evap_fitted is too coarse: vent valves and pressure sensors are much rarer on bikes than a purge valve and canister,"Separate keys (evap_vent_valve_fitted, evap_pressure_sensor_fitted)."
P0454,1 meaning matches standard title and structure,PASS,no problem found,
P0454,"2 causes plausible for a small bike, not car-only",PASS,no problem found,
P0454,"3 advice free of reversals, circular advice and danger",PASS,no problem found,
P0454,4 level correct under RUBRIC.md and stop_table,PASS,no problem found,
P0454,"5 no part, number or hardware the source does not support",PASS,no problem found,
P0454,6 shared failure wording and glossary used,PASS,no problem found,
P0454,7 understandable to a rider,PASS,no problem found,
P0454,8 can_ride_to_workshop sensible and consistent,PASS,no problem found,
P0454,"9 canonical sentences exact, each sentence 25 words or fewer",PASS,no problem found,
P0454,10 Hindi-translatability,PASS,no problem found,
P0454,11 applies_when correct,CONCERN,evap_fitted is too coarse: vent valves and pressure sensors are much rarer on bikes than a purge valve and canister,"Separate keys (evap_vent_valve_fitted, evap_pressure_sensor_fitted)."
P0456,1 meaning matches standard title and structure,PASS,no problem found,
P0456,"2 causes plausible for a small bike, not car-only",PASS,no problem found,
P0456,"3 advice free of reversals, circular advice and danger",PASS,no problem found,
P0456,4 level correct under RUBRIC.md and stop_table,PASS,no problem found,
P0456,"5 no part, number or hardware the source does not support",PASS,no problem found,
P0456,6 shared failure wording and glossary used,PASS,no problem found,
P0456,7 understandable to a rider,PASS,no problem found,
P0456,8 can_ride_to_workshop sensible and consistent,PASS,no problem found,
P0456,"9 canonical sentences exact, each sentence 25 words or fewer",PASS,no problem found,
P0456,10 Hindi-translatability,PASS,no problem found,
P0456,11 applies_when correct,PASS,no problem found,
P0460,1 meaning matches standard title and structure,PASS,no problem found,
P0460,"2 causes plausible for a small bike, not car-only",PASS,no problem found,
P0460,"3 advice free of reversals, circular advice and danger",PASS,no problem found,
P0460,4 level correct under RUBRIC.md and stop_table,PASS,no problem found,
P0460,"5 no part, number or hardware the source does not support",PASS,no problem found,
P0460,6 shared failure wording and glossary used,CONCERN,'fuel level sender' is not a glossary term,Use 'fuel level sensor'.
P0460,7 understandable to a rider,PASS,no problem found,
P0460,8 can_ride_to_workshop sensible and consistent,PASS,no problem found,
P0460,"9 canonical sentences exact, each sentence 25 words or fewer",PASS,no problem found,
P0460,10 Hindi-translatability,CONCERN,'sender' is not a glossary term,See check 6.
P0460,11 applies_when correct,PASS,no problem found,
P0462,1 meaning matches standard title and structure,PASS,no problem found,
P0462,"2 causes plausible for a small bike, not car-only",PASS,no problem found,
P0462,"3 advice free of reversals, circular advice and danger",PASS,no problem found,
P0462,4 level correct under RUBRIC.md and stop_table,PASS,no problem found,
P0462,"5 no part, number or hardware the source does not support",PASS,no problem found,
P0462,6 shared failure wording and glossary used,PASS,no problem found,
P0462,7 understandable to a rider,PASS,no problem found,
P0462,8 can_ride_to_workshop sensible and consistent,PASS,no problem found,
P0462,"9 canonical sentences exact, each sentence 25 words or fewer",PASS,no problem found,
P0462,10 Hindi-translatability,PASS,no problem found,
P0462,11 applies_when correct,PASS,no problem found,
P0463,1 meaning matches standard title and structure,PASS,no problem found,
P0463,"2 causes plausible for a small bike, not car-only",PASS,no problem found,
P0463,"3 advice free of reversals, circular advice and danger",PASS,no problem found,
P0463,4 level correct under RUBRIC.md and stop_table,PASS,no problem found,
P0463,"5 no part, number or hardware the source does not support",PASS,no problem found,
P0463,6 shared failure wording and glossary used,PASS,no problem found,
P0463,7 understandable to a rider,PASS,no problem found,
P0463,8 can_ride_to_workshop sensible and consistent,PASS,no problem found,
P0463,"9 canonical sentences exact, each sentence 25 words or fewer",PASS,no problem found,
P0463,10 Hindi-translatability,PASS,no problem found,
P0463,11 applies_when correct,PASS,no problem found,
P0483,1 meaning matches standard title and structure,PASS,no problem found,
P0483,"2 causes plausible for a small bike, not car-only",PASS,no problem found,
P0483,"3 advice free of reversals, circular advice and danger",PASS,no problem found,
P0483,4 level correct under RUBRIC.md and stop_table,PASS,no problem found,
P0483,"5 no part, number or hardware the source does not support",PASS,no problem found,
P0483,6 shared failure wording and glossary used,PASS,no problem found,
P0483,7 understandable to a rider,CONCERN,"'if the engine runs very hot' is something a rider without a temperature display cannot judge (same sentence in P0480, P0691, P0692 and the ECT codes P0115 to P0119)","Write 'If your bike has a temperature warning and it comes on, or you see steam or smell hot coolant, stop and let the engine cool.'"
P0483,8 can_ride_to_workshop sensible and consistent,PASS,no problem found,
P0483,"9 canonical sentences exact, each sentence 25 words or fewer",PASS,no problem found,
P0483,10 Hindi-translatability,PASS,no problem found,
P0483,11 applies_when correct,PASS,no problem found,
P0485,1 meaning matches standard title and structure,PASS,no problem found,
P0485,"2 causes plausible for a small bike, not car-only",PASS,no problem found,
P0485,"3 advice free of reversals, circular advice and danger",PASS,no problem found,
P0485,4 level correct under RUBRIC.md and stop_table,PASS,no problem found,
P0485,"5 no part, number or hardware the source does not support",PASS,no problem found,
P0485,6 shared failure wording and glossary used,PASS,no problem found,
P0485,7 understandable to a rider,CONCERN,"'if the engine runs very hot' is something a rider without a temperature display cannot judge (same sentence in P0480, P0691, P0692 and the ECT codes P0115 to P0119)","Write 'If your bike has a temperature warning and it comes on, or you see steam or smell hot coolant, stop and let the engine cool.'"
P0485,8 can_ride_to_workshop sensible and consistent,PASS,no problem found,
P0485,"9 canonical sentences exact, each sentence 25 words or fewer",PASS,no problem found,
P0485,10 Hindi-translatability,PASS,no problem found,
P0485,11 applies_when correct,PASS,no problem found,
P0491,1 meaning matches standard title and structure,PASS,no problem found,
P0491,"2 causes plausible for a small bike, not car-only",PASS,no problem found,
P0491,"3 advice free of reversals, circular advice and danger",PASS,no problem found,
P0491,4 level correct under RUBRIC.md and stop_table,PASS,no problem found,
P0491,"5 no part, number or hardware the source does not support",PASS,no problem found,
P0491,6 shared failure wording and glossary used,PASS,no problem found,
P0491,7 understandable to a rider,PASS,no problem found,
P0491,8 can_ride_to_workshop sensible and consistent,PASS,no problem found,
P0491,"9 canonical sentences exact, each sentence 25 words or fewer",PASS,no problem found,
P0491,10 Hindi-translatability,PASS,no problem found,
P0491,11 applies_when correct,PASS,no problem found,
P0497,1 meaning matches standard title and structure,PASS,no problem found,
P0497,"2 causes plausible for a small bike, not car-only",PASS,no problem found,
P0497,"3 advice free of reversals, circular advice and danger",PASS,no problem found,
P0497,4 level correct under RUBRIC.md and stop_table,PASS,no problem found,
P0497,"5 no part, number or hardware the source does not support",PASS,no problem found,
P0497,6 shared failure wording and glossary used,PASS,no problem found,
P0497,7 understandable to a rider,PASS,no problem found,
P0497,8 can_ride_to_workshop sensible and consistent,PASS,no problem found,
P0497,"9 canonical sentences exact, each sentence 25 words or fewer",PASS,no problem found,
P0497,10 Hindi-translatability,PASS,no problem found,
P0497,11 applies_when correct,PASS,no problem found,
P0503,1 meaning matches standard title and structure,PASS,no problem found,
P0503,"2 causes plausible for a small bike, not car-only",PASS,no problem found,
P0503,"3 advice free of reversals, circular advice and danger",PASS,no problem found,
P0503,4 level correct under RUBRIC.md and stop_table,PASS,no problem found,
P0503,"5 no part, number or hardware the source does not support",PASS,no problem found,
P0503,6 shared failure wording and glossary used,PASS,no problem found,
P0503,7 understandable to a rider,PASS,no problem found,
P0503,8 can_ride_to_workshop sensible and consistent,PASS,no problem found,
P0503,"9 canonical sentences exact, each sentence 25 words or fewer",PASS,no problem found,
P0503,10 Hindi-translatability,PASS,no problem found,
P0503,11 applies_when correct,PASS,no problem found,
P0506,1 meaning matches standard title and structure,PASS,no problem found,
P0506,"2 causes plausible for a small bike, not car-only",PASS,no problem found,
P0506,"3 advice free of reversals, circular advice and danger",CONCERN,"two fixed sentences overlap: 'if it stalls at stops, ride gently' and 'if it stalls more than once, do not keep riding'; a rider who stalls at every stop meets both. Same in all idle entries","Owner to merge: 'If it stalls once at a stop, ride gently and have it checked soon. If it stalls again or will not restart, do not keep riding; have it taken to a workshop.'"
P0506,4 level correct under RUBRIC.md and stop_table,PASS,no problem found,
P0506,"5 no part, number or hardware the source does not support",PASS,no problem found,
P0506,6 shared failure wording and glossary used,PASS,no problem found,
P0506,7 understandable to a rider,PASS,no problem found,
P0506,8 can_ride_to_workshop sensible and consistent,PASS,no problem found,
P0506,"9 canonical sentences exact, each sentence 25 words or fewer",PASS,no problem found,
P0506,10 Hindi-translatability,PASS,no problem found,
P0506,11 applies_when correct,PASS,no problem found,
P0509,1 meaning matches standard title and structure,PASS,no problem found,
P0509,"2 causes plausible for a small bike, not car-only",PASS,no problem found,
P0509,"3 advice free of reversals, circular advice and danger",CONCERN,"two fixed sentences overlap: 'if it stalls at stops, ride gently' and 'if it stalls more than once, do not keep riding'; a rider who stalls at every stop meets both. Same in all idle entries","Owner to merge: 'If it stalls once at a stop, ride gently and have it checked soon. If it stalls again or will not restart, do not keep riding; have it taken to a workshop.'"
P0509,4 level correct under RUBRIC.md and stop_table,PASS,no problem found,
P0509,"5 no part, number or hardware the source does not support",PASS,no problem found,
P0509,6 shared failure wording and glossary used,PASS,no problem found,
P0509,7 understandable to a rider,PASS,no problem found,
P0509,8 can_ride_to_workshop sensible and consistent,PASS,no problem found,
P0509,"9 canonical sentences exact, each sentence 25 words or fewer",PASS,no problem found,
P0509,10 Hindi-translatability,PASS,no problem found,
P0509,11 applies_when correct,PASS,no problem found,
P0520,1 meaning matches standard title and structure,PASS,no problem found,
P0520,"2 causes plausible for a small bike, not car-only",PASS,no problem found,
P0520,"3 advice free of reversals, circular advice and danger",PASS,no problem found,
P0520,4 level correct under RUBRIC.md and stop_table,PASS,no problem found,
P0520,"5 no part, number or hardware the source does not support",CONCERN,'mechanical oil pressure tester' is a tool the source does not mention,Write 'check the oil pressure with the workshop's pressure test'.
P0520,6 shared failure wording and glossary used,PASS,no problem found,
P0520,7 understandable to a rider,PASS,no problem found,
P0520,8 can_ride_to_workshop sensible and consistent,PASS,no problem found,
P0520,"9 canonical sentences exact, each sentence 25 words or fewer",PASS,no problem found,
P0520,10 Hindi-translatability,PASS,no problem found,
P0520,11 applies_when correct,PASS,no problem found,
P0521,1 meaning matches standard title and structure,PASS,no problem found,
P0521,"2 causes plausible for a small bike, not car-only",PASS,no problem found,
P0521,"3 advice free of reversals, circular advice and danger",PASS,no problem found,
P0521,4 level correct under RUBRIC.md and stop_table,PASS,no problem found,
P0521,"5 no part, number or hardware the source does not support",CONCERN,'mechanical oil pressure tester' is a tool the source does not mention,Write 'check the oil pressure with the workshop's pressure test'.
P0521,6 shared failure wording and glossary used,PASS,no problem found,
P0521,7 understandable to a rider,PASS,no problem found,
P0521,8 can_ride_to_workshop sensible and consistent,PASS,no problem found,
P0521,"9 canonical sentences exact, each sentence 25 words or fewer",PASS,no problem found,
P0521,10 Hindi-translatability,PASS,no problem found,
P0521,11 applies_when correct,PASS,no problem found,
P0524,1 meaning matches standard title and structure,PASS,no problem found,
P0524,"2 causes plausible for a small bike, not car-only",CONCERN,no sensor or wiring cause; the sibling circuit codes P0520 to P0523 show that a false low reading is possible and the owner may want that said,Hint only: 'Check the sensor and wiring after the oil level and the pressure test are good'. Level stays STOP.
P0524,"3 advice free of reversals, circular advice and danger",PASS,no problem found,
P0524,4 level correct under RUBRIC.md and stop_table,PASS,no problem found,
P0524,"5 no part, number or hardware the source does not support",CONCERN,'mechanical oil pressure tester' is a tool the source does not mention,Write 'check the oil pressure with the workshop's pressure test'.
P0524,6 shared failure wording and glossary used,PASS,no problem found,
P0524,7 understandable to a rider,PASS,no problem found,
P0524,8 can_ride_to_workshop sensible and consistent,PASS,no problem found,
P0524,"9 canonical sentences exact, each sentence 25 words or fewer",PASS,no problem found,
P0524,10 Hindi-translatability,PASS,no problem found,
P0524,11 applies_when correct,PASS,no problem found,
P0602,1 meaning matches standard title and structure,PASS,no problem found,
P0602,"2 causes plausible for a small bike, not car-only",PASS,no problem found,
P0602,"3 advice free of reversals, circular advice and danger",PASS,no problem found,
P0602,4 level correct under RUBRIC.md and stop_table,PASS,no problem found,
P0602,"5 no part, number or hardware the source does not support",PASS,no problem found,
P0602,6 shared failure wording and glossary used,PASS,no problem found,
P0602,7 understandable to a rider,PASS,no problem found,
P0602,8 can_ride_to_workshop sensible and consistent,PASS,no problem found,
P0602,"9 canonical sentences exact, each sentence 25 words or fewer",PASS,no problem found,
P0602,10 Hindi-translatability,CONCERN,'misbehave' (basis or reason) is an idiom,Use 'work wrongly'.
P0602,11 applies_when correct,PASS,no problem found,
P0603,1 meaning matches standard title and structure,PASS,no problem found,
P0603,"2 causes plausible for a small bike, not car-only",PASS,no problem found,
P0603,"3 advice free of reversals, circular advice and danger",PASS,no problem found,
P0603,4 level correct under RUBRIC.md and stop_table,PASS,no problem found,
P0603,"5 no part, number or hardware the source does not support",PASS,no problem found,
P0603,6 shared failure wording and glossary used,PASS,no problem found,
P0603,7 understandable to a rider,PASS,no problem found,
P0603,8 can_ride_to_workshop sensible and consistent,PASS,no problem found,
P0603,"9 canonical sentences exact, each sentence 25 words or fewer",PASS,no problem found,
P0603,10 Hindi-translatability,PASS,no problem found,
P0603,11 applies_when correct,PASS,no problem found,
P0604,1 meaning matches standard title and structure,PASS,no problem found,
P0604,"2 causes plausible for a small bike, not car-only",PASS,no problem found,
P0604,"3 advice free of reversals, circular advice and danger",PASS,no problem found,
P0604,4 level correct under RUBRIC.md and stop_table,PASS,no problem found,
P0604,"5 no part, number or hardware the source does not support",PASS,no problem found,
P0604,6 shared failure wording and glossary used,PASS,no problem found,
P0604,7 understandable to a rider,PASS,no problem found,
P0604,8 can_ride_to_workshop sensible and consistent,PASS,no problem found,
P0604,"9 canonical sentences exact, each sentence 25 words or fewer",PASS,no problem found,
P0604,10 Hindi-translatability,PASS,no problem found,
P0604,11 applies_when correct,PASS,no problem found,
P0605,1 meaning matches standard title and structure,PASS,no problem found,
P0605,"2 causes plausible for a small bike, not car-only",PASS,no problem found,
P0605,"3 advice free of reversals, circular advice and danger",PASS,no problem found,
P0605,4 level correct under RUBRIC.md and stop_table,PASS,no problem found,
P0605,"5 no part, number or hardware the source does not support",PASS,no problem found,
P0605,6 shared failure wording and glossary used,PASS,no problem found,
P0605,7 understandable to a rider,PASS,no problem found,
P0605,8 can_ride_to_workshop sensible and consistent,PASS,no problem found,
P0605,"9 canonical sentences exact, each sentence 25 words or fewer",PASS,no problem found,
P0605,10 Hindi-translatability,PASS,no problem found,
P0605,11 applies_when correct,PASS,no problem found,
P0606,1 meaning matches standard title and structure,PASS,no problem found,
P0606,"2 causes plausible for a small bike, not car-only",PASS,no problem found,
P0606,"3 advice free of reversals, circular advice and danger",PASS,no problem found,
P0606,4 level correct under RUBRIC.md and stop_table,PASS,no problem found,
P0606,"5 no part, number or hardware the source does not support",PASS,no problem found,
P0606,6 shared failure wording and glossary used,PASS,no problem found,
P0606,7 understandable to a rider,PASS,no problem found,
P0606,8 can_ride_to_workshop sensible and consistent,PASS,no problem found,
P0606,"9 canonical sentences exact, each sentence 25 words or fewer",PASS,no problem found,
P0606,10 Hindi-translatability,PASS,no problem found,
P0606,11 applies_when correct,PASS,no problem found,
P0608,1 meaning matches standard title and structure,PASS,no problem found,
P0608,"2 causes plausible for a small bike, not car-only",PASS,no problem found,
P0608,"3 advice free of reversals, circular advice and danger",PASS,no problem found,
P0608,4 level correct under RUBRIC.md and stop_table,PASS,no problem found,
P0608,"5 no part, number or hardware the source does not support",PASS,no problem found,
P0608,6 shared failure wording and glossary used,PASS,no problem found,
P0608,7 understandable to a rider,PASS,no problem found,
P0608,8 can_ride_to_workshop sensible and consistent,PASS,no problem found,
P0608,"9 canonical sentences exact, each sentence 25 words or fewer",PASS,no problem found,
P0608,10 Hindi-translatability,PASS,no problem found,
P0608,11 applies_when correct,PASS,no problem found,
P060B,1 meaning matches standard title and structure,PASS,no problem found,
P060B,"2 causes plausible for a small bike, not car-only",PASS,no problem found,
P060B,"3 advice free of reversals, circular advice and danger",PASS,no problem found,
P060B,4 level correct under RUBRIC.md and stop_table,PASS,no problem found,
P060B,"5 no part, number or hardware the source does not support",PASS,no problem found,
P060B,6 shared failure wording and glossary used,PASS,no problem found,
P060B,7 understandable to a rider,PASS,no problem found,
P060B,8 can_ride_to_workshop sensible and consistent,PASS,no problem found,
P060B,"9 canonical sentences exact, each sentence 25 words or fewer",PASS,no problem found,
P060B,10 Hindi-translatability,PASS,no problem found,
P060B,11 applies_when correct,PASS,no problem found,
P060C,1 meaning matches standard title and structure,PASS,no problem found,
P060C,"2 causes plausible for a small bike, not car-only",PASS,no problem found,
P060C,"3 advice free of reversals, circular advice and danger",PASS,no problem found,
P060C,4 level correct under RUBRIC.md and stop_table,PASS,no problem found,
P060C,"5 no part, number or hardware the source does not support",PASS,no problem found,
P060C,6 shared failure wording and glossary used,PASS,no problem found,
P060C,7 understandable to a rider,PASS,no problem found,
P060C,8 can_ride_to_workshop sensible and consistent,PASS,no problem found,
P060C,"9 canonical sentences exact, each sentence 25 words or fewer",PASS,no problem found,
P060C,10 Hindi-translatability,PASS,no problem found,
P060C,11 applies_when correct,PASS,no problem found,
P060D,1 meaning matches standard title and structure,PASS,no problem found,
P060D,"2 causes plausible for a small bike, not car-only",PASS,no problem found,
P060D,"3 advice free of reversals, circular advice and danger",PASS,no problem found,
P060D,4 level correct under RUBRIC.md and stop_table,PASS,no problem found,
P060D,"5 no part, number or hardware the source does not support",PASS,no problem found,
P060D,6 shared failure wording and glossary used,PASS,no problem found,
P060D,7 understandable to a rider,PASS,no problem found,
P060D,8 can_ride_to_workshop sensible and consistent,PASS,no problem found,
P060D,"9 canonical sentences exact, each sentence 25 words or fewer",PASS,no problem found,
P060D,10 Hindi-translatability,PASS,no problem found,
P060D,11 applies_when correct,PASS,no problem found,
P060E,1 meaning matches standard title and structure,PASS,no problem found,
P060E,"2 causes plausible for a small bike, not car-only",PASS,no problem found,
P060E,"3 advice free of reversals, circular advice and danger",PASS,no problem found,
P060E,4 level correct under RUBRIC.md and stop_table,PASS,no problem found,
P060E,"5 no part, number or hardware the source does not support",PASS,no problem found,
P060E,6 shared failure wording and glossary used,PASS,no problem found,
P060E,7 understandable to a rider,PASS,no problem found,
P060E,8 can_ride_to_workshop sensible and consistent,PASS,no problem found,
P060E,"9 canonical sentences exact, each sentence 25 words or fewer",PASS,no problem found,
P060E,10 Hindi-translatability,PASS,no problem found,
P060E,11 applies_when correct,PASS,no problem found,
P060F,1 meaning matches standard title and structure,PASS,no problem found,
P060F,"2 causes plausible for a small bike, not car-only",PASS,no problem found,
P060F,"3 advice free of reversals, circular advice and danger",PASS,no problem found,
P060F,4 level correct under RUBRIC.md and stop_table,PASS,no problem found,
P060F,"5 no part, number or hardware the source does not support",PASS,no problem found,
P060F,6 shared failure wording and glossary used,PASS,no problem found,
P060F,7 understandable to a rider,PASS,no problem found,
P060F,8 can_ride_to_workshop sensible and consistent,PASS,no problem found,
P060F,"9 canonical sentences exact, each sentence 25 words or fewer",PASS,no problem found,
P060F,10 Hindi-translatability,PASS,no problem found,
P060F,11 applies_when correct,PASS,no problem found,
P0617,1 meaning matches standard title and structure,PASS,no problem found,
P0617,"2 causes plausible for a small bike, not car-only",PASS,no problem found,
P0617,"3 advice free of reversals, circular advice and danger",PASS,no problem found,
P0617,4 level correct under RUBRIC.md and stop_table,PASS,no problem found,
P0617,"5 no part, number or hardware the source does not support",PASS,no problem found,
P0617,6 shared failure wording and glossary used,PASS,no problem found,
P0617,7 understandable to a rider,PASS,no problem found,
P0617,8 can_ride_to_workshop sensible and consistent,PASS,no problem found,
P0617,"9 canonical sentences exact, each sentence 25 words or fewer",PASS,no problem found,
P0617,10 Hindi-translatability,CONCERN,'starter may run on' is an idiom,Use 'starter may keep turning after the engine starts'.
P0617,11 applies_when correct,PASS,no problem found,
P0625,1 meaning matches standard title and structure,PASS,no problem found,
P0625,"2 causes plausible for a small bike, not car-only",CONCERN,'Worn alternator brushes (if fitted)': brushed field alternators are rare on small bikes,Drop the brushes cause or mark it rare.
P0625,"3 advice free of reversals, circular advice and danger",PASS,no problem found,
P0625,4 level correct under RUBRIC.md and stop_table,PASS,no problem found,
P0625,"5 no part, number or hardware the source does not support",PASS,no problem found,
P0625,6 shared failure wording and glossary used,PASS,no problem found,
P0625,7 understandable to a rider,PASS,no problem found,
P0625,8 can_ride_to_workshop sensible and consistent,PASS,no problem found,
P0625,"9 canonical sentences exact, each sentence 25 words or fewer",PASS,no problem found,
P0625,10 Hindi-translatability,PASS,no problem found,
P0625,11 applies_when correct,CONCERN,ECU-controlled alternator field or lamp terminal is a car-style feature that small bikes rarely have; applies_when is empty,New key such as alternator_ecu_controlled.
P0626,1 meaning matches standard title and structure,PASS,no problem found,
P0626,"2 causes plausible for a small bike, not car-only",PASS,no problem found,
P0626,"3 advice free of reversals, circular advice and danger",PASS,no problem found,
P0626,4 level correct under RUBRIC.md and stop_table,PASS,no problem found,
P0626,"5 no part, number or hardware the source does not support",PASS,no problem found,
P0626,6 shared failure wording and glossary used,PASS,no problem found,
P0626,7 understandable to a rider,PASS,no problem found,
P0626,8 can_ride_to_workshop sensible and consistent,PASS,no problem found,
P0626,"9 canonical sentences exact, each sentence 25 words or fewer",PASS,no problem found,
P0626,10 Hindi-translatability,PASS,no problem found,
P0626,11 applies_when correct,CONCERN,ECU-controlled alternator field or lamp terminal is a car-style feature that small bikes rarely have; applies_when is empty,New key such as alternator_ecu_controlled.
P0627,1 meaning matches standard title and structure,PASS,no problem found,
P0627,"2 causes plausible for a small bike, not car-only",PASS,no problem found,
P0627,"3 advice free of reversals, circular advice and danger",PASS,no problem found,
P0627,4 level correct under RUBRIC.md and stop_table,PASS,no problem found,
P0627,"5 no part, number or hardware the source does not support",PASS,no problem found,
P0627,6 shared failure wording and glossary used,PASS,no problem found,
P0627,7 understandable to a rider,PASS,no problem found,
P0627,8 can_ride_to_workshop sensible and consistent,PASS,no problem found,
P0627,"9 canonical sentences exact, each sentence 25 words or fewer",PASS,no problem found,
P0627,10 Hindi-translatability,PASS,no problem found,
P0627,11 applies_when correct,PASS,no problem found,
P0628,1 meaning matches standard title and structure,PASS,no problem found,
P0628,"2 causes plausible for a small bike, not car-only",PASS,no problem found,
P0628,"3 advice free of reversals, circular advice and danger",PASS,no problem found,
P0628,4 level correct under RUBRIC.md and stop_table,PASS,no problem found,
P0628,"5 no part, number or hardware the source does not support",PASS,no problem found,
P0628,6 shared failure wording and glossary used,PASS,no problem found,
P0628,7 understandable to a rider,PASS,no problem found,
P0628,8 can_ride_to_workshop sensible and consistent,PASS,no problem found,
P0628,"9 canonical sentences exact, each sentence 25 words or fewer",PASS,no problem found,
P0628,10 Hindi-translatability,PASS,no problem found,
P0628,11 applies_when correct,PASS,no problem found,
P0629,1 meaning matches standard title and structure,PASS,no problem found,
P0629,"2 causes plausible for a small bike, not car-only",PASS,no problem found,
P0629,"3 advice free of reversals, circular advice and danger",PASS,no problem found,
P0629,4 level correct under RUBRIC.md and stop_table,PASS,no problem found,
P0629,"5 no part, number or hardware the source does not support",PASS,no problem found,
P0629,6 shared failure wording and glossary used,PASS,no problem found,
P0629,7 understandable to a rider,PASS,no problem found,
P0629,8 can_ride_to_workshop sensible and consistent,PASS,no problem found,
P0629,"9 canonical sentences exact, each sentence 25 words or fewer",PASS,no problem found,
P0629,10 Hindi-translatability,PASS,no problem found,
P0629,11 applies_when correct,PASS,no problem found,
P062F,1 meaning matches standard title and structure,PASS,no problem found,
P062F,"2 causes plausible for a small bike, not car-only",PASS,no problem found,
P062F,"3 advice free of reversals, circular advice and danger",PASS,no problem found,
P062F,4 level correct under RUBRIC.md and stop_table,PASS,no problem found,
P062F,"5 no part, number or hardware the source does not support",PASS,no problem found,
P062F,6 shared failure wording and glossary used,PASS,no problem found,
P062F,7 understandable to a rider,PASS,no problem found,
P062F,8 can_ride_to_workshop sensible and consistent,PASS,no problem found,
P062F,"9 canonical sentences exact, each sentence 25 words or fewer",PASS,no problem found,
P062F,10 Hindi-translatability,PASS,no problem found,
P062F,11 applies_when correct,PASS,no problem found,
P0633,1 meaning matches standard title and structure,PASS,no problem found,
P0633,"2 causes plausible for a small bike, not car-only",PASS,no problem found,
P0633,"3 advice free of reversals, circular advice and danger",CONCERN,"'do not switch off on the way' tells the rider not to use the one action that always stops danger, and the reason is not given","Write 'avoid switching off the engine until you reach the workshop, unless something is wrong'."
P0633,4 level correct under RUBRIC.md and stop_table,PASS,no problem found,
P0633,"5 no part, number or hardware the source does not support",PASS,no problem found,
P0633,6 shared failure wording and glossary used,PASS,no problem found,
P0633,7 understandable to a rider,PASS,no problem found,
P0633,8 can_ride_to_workshop sensible and consistent,PASS,no problem found,
P0633,"9 canonical sentences exact, each sentence 25 words or fewer",PASS,no problem found,
P0633,10 Hindi-translatability,PASS,no problem found,
P0633,11 applies_when correct,CONCERN,not every bike has an immobiliser,Add an immobiliser_fitted key.
P0638,1 meaning matches standard title and structure,PASS,no problem found,
P0638,"2 causes plausible for a small bike, not car-only",PASS,no problem found,
P0638,"3 advice free of reversals, circular advice and danger",PASS,no problem found,
P0638,4 level correct under RUBRIC.md and stop_table,PASS,no problem found,
P0638,"5 no part, number or hardware the source does not support",PASS,no problem found,
P0638,6 shared failure wording and glossary used,PASS,no problem found,
P0638,7 understandable to a rider,PASS,no problem found,
P0638,8 can_ride_to_workshop sensible and consistent,PASS,no problem found,
P0638,"9 canonical sentences exact, each sentence 25 words or fewer",PASS,no problem found,
P0638,10 Hindi-translatability,PASS,no problem found,
P0638,11 applies_when correct,PASS,no problem found,
P0651,1 meaning matches standard title and structure,PASS,no problem found,
P0651,"2 causes plausible for a small bike, not car-only",PASS,no problem found,
P0651,"3 advice free of reversals, circular advice and danger",PASS,no problem found,
P0651,4 level correct under RUBRIC.md and stop_table,PASS,no problem found,
P0651,"5 no part, number or hardware the source does not support",PASS,no problem found,
P0651,6 shared failure wording and glossary used,PASS,no problem found,
P0651,7 understandable to a rider,PASS,no problem found,
P0651,8 can_ride_to_workshop sensible and consistent,PASS,no problem found,
P0651,"9 canonical sentences exact, each sentence 25 words or fewer",PASS,no problem found,
P0651,10 Hindi-translatability,PASS,no problem found,
P0651,11 applies_when correct,CONCERN,supplies B and C may not exist on a small bike,Add a key or keep low confidence.
P0652,1 meaning matches standard title and structure,PASS,no problem found,
P0652,"2 causes plausible for a small bike, not car-only",PASS,no problem found,
P0652,"3 advice free of reversals, circular advice and danger",PASS,no problem found,
P0652,4 level correct under RUBRIC.md and stop_table,PASS,no problem found,
P0652,"5 no part, number or hardware the source does not support",PASS,no problem found,
P0652,6 shared failure wording and glossary used,PASS,no problem found,
P0652,7 understandable to a rider,PASS,no problem found,
P0652,8 can_ride_to_workshop sensible and consistent,PASS,no problem found,
P0652,"9 canonical sentences exact, each sentence 25 words or fewer",PASS,no problem found,
P0652,10 Hindi-translatability,PASS,no problem found,
P0652,11 applies_when correct,CONCERN,supplies B and C may not exist on a small bike,Add a key or keep low confidence.
P0653,1 meaning matches standard title and structure,PASS,no problem found,
P0653,"2 causes plausible for a small bike, not car-only",PASS,no problem found,
P0653,"3 advice free of reversals, circular advice and danger",PASS,no problem found,
P0653,4 level correct under RUBRIC.md and stop_table,PASS,no problem found,
P0653,"5 no part, number or hardware the source does not support",PASS,no problem found,
P0653,6 shared failure wording and glossary used,PASS,no problem found,
P0653,7 understandable to a rider,PASS,no problem found,
P0653,8 can_ride_to_workshop sensible and consistent,PASS,no problem found,
P0653,"9 canonical sentences exact, each sentence 25 words or fewer",PASS,no problem found,
P0653,10 Hindi-translatability,PASS,no problem found,
P0653,11 applies_when correct,CONCERN,supplies B and C may not exist on a small bike,Add a key or keep low confidence.
P0685,1 meaning matches standard title and structure,PASS,no problem found,
P0685,"2 causes plausible for a small bike, not car-only",PASS,no problem found,
P0685,"3 advice free of reversals, circular advice and danger",PASS,no problem found,
P0685,4 level correct under RUBRIC.md and stop_table,PASS,no problem found,
P0685,"5 no part, number or hardware the source does not support",PASS,no problem found,
P0685,6 shared failure wording and glossary used,PASS,no problem found,
P0685,7 understandable to a rider,PASS,no problem found,
P0685,8 can_ride_to_workshop sensible and consistent,PASS,no problem found,
P0685,"9 canonical sentences exact, each sentence 25 words or fewer",PASS,no problem found,
P0685,10 Hindi-translatability,PASS,no problem found,
P0685,11 applies_when correct,PASS,no problem found,
P0686,1 meaning matches standard title and structure,PASS,no problem found,
P0686,"2 causes plausible for a small bike, not car-only",PASS,no problem found,
P0686,"3 advice free of reversals, circular advice and danger",PASS,no problem found,
P0686,4 level correct under RUBRIC.md and stop_table,PASS,no problem found,
P0686,"5 no part, number or hardware the source does not support",PASS,no problem found,
P0686,6 shared failure wording and glossary used,PASS,no problem found,
P0686,7 understandable to a rider,PASS,no problem found,
P0686,8 can_ride_to_workshop sensible and consistent,PASS,no problem found,
P0686,"9 canonical sentences exact, each sentence 25 words or fewer",PASS,no problem found,
P0686,10 Hindi-translatability,PASS,no problem found,
P0686,11 applies_when correct,PASS,no problem found,
P0688,1 meaning matches standard title and structure,PASS,no problem found,
P0688,"2 causes plausible for a small bike, not car-only",PASS,no problem found,
P0688,"3 advice free of reversals, circular advice and danger",PASS,no problem found,
P0688,4 level correct under RUBRIC.md and stop_table,PASS,no problem found,
P0688,"5 no part, number or hardware the source does not support",PASS,no problem found,
P0688,6 shared failure wording and glossary used,PASS,no problem found,
P0688,7 understandable to a rider,PASS,no problem found,
P0688,8 can_ride_to_workshop sensible and consistent,PASS,no problem found,
P0688,"9 canonical sentences exact, each sentence 25 words or fewer",PASS,no problem found,
P0688,10 Hindi-translatability,PASS,no problem found,
P0688,11 applies_when correct,PASS,no problem found,
P068A,1 meaning matches standard title and structure,PASS,no problem found,
P068A,"2 causes plausible for a small bike, not car-only",PASS,no problem found,
P068A,"3 advice free of reversals, circular advice and danger",PASS,no problem found,
P068A,4 level correct under RUBRIC.md and stop_table,PASS,no problem found,
P068A,"5 no part, number or hardware the source does not support",PASS,no problem found,
P068A,6 shared failure wording and glossary used,PASS,no problem found,
P068A,7 understandable to a rider,PASS,no problem found,
P068A,8 can_ride_to_workshop sensible and consistent,CONCERN,value is with_care but the reason says 'usually rideable' (the same fault type P068B says the battery may go flat),"Use can_ride yes with reason 'usually rideable', or change the reason."
P068A,"9 canonical sentences exact, each sentence 25 words or fewer",PASS,no problem found,
P068A,10 Hindi-translatability,PASS,no problem found,
P068A,11 applies_when correct,PASS,no problem found,
P0697,1 meaning matches standard title and structure,PASS,no problem found,
P0697,"2 causes plausible for a small bike, not car-only",PASS,no problem found,
P0697,"3 advice free of reversals, circular advice and danger",PASS,no problem found,
P0697,4 level correct under RUBRIC.md and stop_table,PASS,no problem found,
P0697,"5 no part, number or hardware the source does not support",PASS,no problem found,
P0697,6 shared failure wording and glossary used,PASS,no problem found,
P0697,7 understandable to a rider,PASS,no problem found,
P0697,8 can_ride_to_workshop sensible and consistent,PASS,no problem found,
P0697,"9 canonical sentences exact, each sentence 25 words or fewer",PASS,no problem found,
P0697,10 Hindi-translatability,PASS,no problem found,
P0697,11 applies_when correct,CONCERN,supplies B and C may not exist on a small bike,Add a key or keep low confidence.
P0698,1 meaning matches standard title and structure,PASS,no problem found,
P0698,"2 causes plausible for a small bike, not car-only",PASS,no problem found,
P0698,"3 advice free of reversals, circular advice and danger",PASS,no problem found,
P0698,4 level correct under RUBRIC.md and stop_table,PASS,no problem found,
P0698,"5 no part, number or hardware the source does not support",PASS,no problem found,
P0698,6 shared failure wording and glossary used,PASS,no problem found,
P0698,7 understandable to a rider,PASS,no problem found,
P0698,8 can_ride_to_workshop sensible and consistent,PASS,no problem found,
P0698,"9 canonical sentences exact, each sentence 25 words or fewer",PASS,no problem found,
P0698,10 Hindi-translatability,PASS,no problem found,
P0698,11 applies_when correct,CONCERN,supplies B and C may not exist on a small bike,Add a key or keep low confidence.
P0699,1 meaning matches standard title and structure,PASS,no problem found,
P0699,"2 causes plausible for a small bike, not car-only",PASS,no problem found,
P0699,"3 advice free of reversals, circular advice and danger",PASS,no problem found,
P0699,4 level correct under RUBRIC.md and stop_table,PASS,no problem found,
P0699,"5 no part, number or hardware the source does not support",PASS,no problem found,
P0699,6 shared failure wording and glossary used,PASS,no problem found,
P0699,7 understandable to a rider,PASS,no problem found,
P0699,8 can_ride_to_workshop sensible and consistent,PASS,no problem found,
P0699,"9 canonical sentences exact, each sentence 25 words or fewer",PASS,no problem found,
P0699,10 Hindi-translatability,PASS,no problem found,
P0699,11 applies_when correct,CONCERN,supplies B and C may not exist on a small bike,Add a key or keep low confidence.
P0704,1 meaning matches standard title and structure,PASS,no problem found,
P0704,"2 causes plausible for a small bike, not car-only",PASS,no problem found,
P0704,"3 advice free of reversals, circular advice and danger",PASS,no problem found,
P0704,4 level correct under RUBRIC.md and stop_table,PASS,no problem found,
P0704,"5 no part, number or hardware the source does not support",PASS,no problem found,
P0704,6 shared failure wording and glossary used,PASS,no problem found,
P0704,7 understandable to a rider,PASS,no problem found,
P0704,8 can_ride_to_workshop sensible and consistent,PASS,no problem found,
P0704,"9 canonical sentences exact, each sentence 25 words or fewer",PASS,no problem found,
P0704,10 Hindi-translatability,PASS,no problem found,
P0704,11 applies_when correct,PASS,no problem found,
P0852,1 meaning matches standard title and structure,PASS,no problem found,
P0852,"2 causes plausible for a small bike, not car-only",PASS,no problem found,
P0852,"3 advice free of reversals, circular advice and danger",PASS,no problem found,
P0852,4 level correct under RUBRIC.md and stop_table,PASS,no problem found,
P0852,"5 no part, number or hardware the source does not support",PASS,no problem found,
P0852,6 shared failure wording and glossary used,PASS,no problem found,
P0852,7 understandable to a rider,PASS,no problem found,
P0852,8 can_ride_to_workshop sensible and consistent,PASS,no problem found,
P0852,"9 canonical sentences exact, each sentence 25 words or fewer",PASS,no problem found,
P0852,10 Hindi-translatability,PASS,no problem found,
P0852,11 applies_when correct,CONCERN,not every bike feeds a neutral switch to the ECU,Add a neutral_switch_fitted key.
P0917,1 meaning matches standard title and structure,CONCERN,"OBDex source is an automatic gearbox selector code (TCM, harsh shifts, locked in one gear); the entry maps it to a bike gear position sensor",Say only that the gear position signal is unreliable; drop the effect on starting; keep low confidence.
P0917,"2 causes plausible for a small bike, not car-only",PASS,no problem found,
P0917,"3 advice free of reversals, circular advice and danger",PASS,no problem found,
P0917,4 level correct under RUBRIC.md and stop_table,PASS,no problem found,
P0917,"5 no part, number or hardware the source does not support",PASS,no problem found,
P0917,6 shared failure wording and glossary used,PASS,no problem found,
P0917,7 understandable to a rider,PASS,no problem found,
P0917,8 can_ride_to_workshop sensible and consistent,PASS,no problem found,
P0917,"9 canonical sentences exact, each sentence 25 words or fewer",PASS,no problem found,
P0917,10 Hindi-translatability,PASS,no problem found,
P0917,11 applies_when correct,PASS,no problem found,
P0918,1 meaning matches standard title and structure,CONCERN,"OBDex source is an automatic gearbox selector code (TCM, harsh shifts, locked in one gear); the entry maps it to a bike gear position sensor",Say only that the gear position signal is unreliable; drop the effect on starting; keep low confidence.
P0918,"2 causes plausible for a small bike, not car-only",PASS,no problem found,
P0918,"3 advice free of reversals, circular advice and danger",PASS,no problem found,
P0918,4 level correct under RUBRIC.md and stop_table,PASS,no problem found,
P0918,"5 no part, number or hardware the source does not support",PASS,no problem found,
P0918,6 shared failure wording and glossary used,PASS,no problem found,
P0918,7 understandable to a rider,PASS,no problem found,
P0918,8 can_ride_to_workshop sensible and consistent,PASS,no problem found,
P0918,"9 canonical sentences exact, each sentence 25 words or fewer",PASS,no problem found,
P0918,10 Hindi-translatability,PASS,no problem found,
P0918,11 applies_when correct,PASS,no problem found,
P2096,1 meaning matches standard title and structure,PASS,no problem found,
P2096,"2 causes plausible for a small bike, not car-only",PASS,no problem found,
P2096,"3 advice free of reversals, circular advice and danger",PASS,no problem found,
P2096,4 level correct under RUBRIC.md and stop_table,PASS,no problem found,
P2096,"5 no part, number or hardware the source does not support",PASS,no problem found,
P2096,6 shared failure wording and glossary used,PASS,no problem found,
P2096,7 understandable to a rider,PASS,no problem found,
P2096,8 can_ride_to_workshop sensible and consistent,PASS,no problem found,
P2096,"9 canonical sentences exact, each sentence 25 words or fewer",PASS,no problem found,
P2096,10 Hindi-translatability,PASS,no problem found,
P2096,11 applies_when correct,PASS,no problem found,
P2097,1 meaning matches standard title and structure,PASS,no problem found,
P2097,"2 causes plausible for a small bike, not car-only",CONCERN,"cause 'Downstream oxygen sensor reading too rich' repeats the code, not a cause",Use 'Contaminated or aged downstream oxygen sensor'.
P2097,"3 advice free of reversals, circular advice and danger",PASS,no problem found,
P2097,4 level correct under RUBRIC.md and stop_table,PASS,no problem found,
P2097,"5 no part, number or hardware the source does not support",PASS,no problem found,
P2097,6 shared failure wording and glossary used,PASS,no problem found,
P2097,7 understandable to a rider,PASS,no problem found,
P2097,8 can_ride_to_workshop sensible and consistent,PASS,no problem found,
P2097,"9 canonical sentences exact, each sentence 25 words or fewer",PASS,no problem found,
P2097,10 Hindi-translatability,PASS,no problem found,
P2097,11 applies_when correct,PASS,no problem found,
P2100,1 meaning matches standard title and structure,PASS,no problem found,
P2100,"2 causes plausible for a small bike, not car-only",PASS,no problem found,
P2100,"3 advice free of reversals, circular advice and danger",PASS,no problem found,
P2100,4 level correct under RUBRIC.md and stop_table,CONCERN,text says the ECU may lose control of the throttle and the throttle may not follow the twist grip; that is the STOP reason of P2104. The OBDex text only says limp-home with reduced power,Either reword to what the source says ('power is reduced') or add these codes to the STOP table. The same wording at SERVICE_SOON and at STOP is a contradiction.
P2100,"5 no part, number or hardware the source does not support",PASS,no problem found,
P2100,6 shared failure wording and glossary used,PASS,no problem found,
P2100,7 understandable to a rider,PASS,no problem found,
P2100,8 can_ride_to_workshop sensible and consistent,PASS,no problem found,
P2100,"9 canonical sentences exact, each sentence 25 words or fewer",PASS,no problem found,
P2100,10 Hindi-translatability,PASS,no problem found,
P2100,11 applies_when correct,PASS,no problem found,
P2101,1 meaning matches standard title and structure,PASS,no problem found,
P2101,"2 causes plausible for a small bike, not car-only",PASS,no problem found,
P2101,"3 advice free of reversals, circular advice and danger",PASS,no problem found,
P2101,4 level correct under RUBRIC.md and stop_table,PASS,no problem found,
P2101,"5 no part, number or hardware the source does not support",PASS,no problem found,
P2101,6 shared failure wording and glossary used,PASS,no problem found,
P2101,7 understandable to a rider,PASS,no problem found,
P2101,8 can_ride_to_workshop sensible and consistent,PASS,no problem found,
P2101,"9 canonical sentences exact, each sentence 25 words or fewer",PASS,no problem found,
P2101,10 Hindi-translatability,PASS,no problem found,
P2101,11 applies_when correct,PASS,no problem found,
P2102,1 meaning matches standard title and structure,PASS,no problem found,
P2102,"2 causes plausible for a small bike, not car-only",PASS,no problem found,
P2102,"3 advice free of reversals, circular advice and danger",PASS,no problem found,
P2102,4 level correct under RUBRIC.md and stop_table,CONCERN,text says the ECU may lose control of the throttle and the throttle may not follow the twist grip; that is the STOP reason of P2104. The OBDex text only says limp-home with reduced power,Either reword to what the source says ('power is reduced') or add these codes to the STOP table. The same wording at SERVICE_SOON and at STOP is a contradiction.
P2102,"5 no part, number or hardware the source does not support",PASS,no problem found,
P2102,6 shared failure wording and glossary used,PASS,no problem found,
P2102,7 understandable to a rider,PASS,no problem found,
P2102,8 can_ride_to_workshop sensible and consistent,PASS,no problem found,
P2102,"9 canonical sentences exact, each sentence 25 words or fewer",PASS,no problem found,
P2102,10 Hindi-translatability,PASS,no problem found,
P2102,11 applies_when correct,PASS,no problem found,
P2103,1 meaning matches standard title and structure,PASS,no problem found,
P2103,"2 causes plausible for a small bike, not car-only",PASS,no problem found,
P2103,"3 advice free of reversals, circular advice and danger",PASS,no problem found,
P2103,4 level correct under RUBRIC.md and stop_table,CONCERN,text says the ECU may lose control of the throttle and the throttle may not follow the twist grip; that is the STOP reason of P2104. The OBDex text only says limp-home with reduced power,Either reword to what the source says ('power is reduced') or add these codes to the STOP table. The same wording at SERVICE_SOON and at STOP is a contradiction.
P2103,"5 no part, number or hardware the source does not support",PASS,no problem found,
P2103,6 shared failure wording and glossary used,PASS,no problem found,
P2103,7 understandable to a rider,PASS,no problem found,
P2103,8 can_ride_to_workshop sensible and consistent,PASS,no problem found,
P2103,"9 canonical sentences exact, each sentence 25 words or fewer",PASS,no problem found,
P2103,10 Hindi-translatability,PASS,no problem found,
P2103,11 applies_when correct,PASS,no problem found,
P2104,1 meaning matches standard title and structure,PASS,no problem found,
P2104,"2 causes plausible for a small bike, not car-only",PASS,no problem found,
P2104,"3 advice free of reversals, circular advice and danger",PASS,no problem found,
P2104,4 level correct under RUBRIC.md and stop_table,PASS,no problem found,
P2104,"5 no part, number or hardware the source does not support",PASS,no problem found,
P2104,6 shared failure wording and glossary used,PASS,no problem found,
P2104,7 understandable to a rider,PASS,no problem found,
P2104,8 can_ride_to_workshop sensible and consistent,PASS,no problem found,
P2104,"9 canonical sentences exact, each sentence 25 words or fewer",PASS,no problem found,
P2104,10 Hindi-translatability,PASS,no problem found,
P2104,11 applies_when correct,PASS,no problem found,
P2105,1 meaning matches standard title and structure,PASS,no problem found,
P2105,"2 causes plausible for a small bike, not car-only",PASS,no problem found,
P2105,"3 advice free of reversals, circular advice and danger",PASS,no problem found,
P2105,4 level correct under RUBRIC.md and stop_table,PASS,no problem found,
P2105,"5 no part, number or hardware the source does not support",PASS,no problem found,
P2105,6 shared failure wording and glossary used,PASS,no problem found,
P2105,7 understandable to a rider,PASS,no problem found,
P2105,8 can_ride_to_workshop sensible and consistent,PASS,no problem found,
P2105,"9 canonical sentences exact, each sentence 25 words or fewer",PASS,no problem found,
P2105,10 Hindi-translatability,PASS,no problem found,
P2105,11 applies_when correct,PASS,no problem found,
P2106,1 meaning matches standard title and structure,PASS,no problem found,
P2106,"2 causes plausible for a small bike, not car-only",PASS,no problem found,
P2106,"3 advice free of reversals, circular advice and danger",PASS,no problem found,
P2106,4 level correct under RUBRIC.md and stop_table,PASS,no problem found,
P2106,"5 no part, number or hardware the source does not support",PASS,no problem found,
P2106,6 shared failure wording and glossary used,PASS,no problem found,
P2106,7 understandable to a rider,PASS,no problem found,
P2106,8 can_ride_to_workshop sensible and consistent,PASS,no problem found,
P2106,"9 canonical sentences exact, each sentence 25 words or fewer",PASS,no problem found,
P2106,10 Hindi-translatability,PASS,no problem found,
P2106,11 applies_when correct,PASS,no problem found,
P2107,1 meaning matches standard title and structure,PASS,no problem found,
P2107,"2 causes plausible for a small bike, not car-only",PASS,no problem found,
P2107,"3 advice free of reversals, circular advice and danger",PASS,no problem found,
P2107,4 level correct under RUBRIC.md and stop_table,PASS,no problem found,
P2107,"5 no part, number or hardware the source does not support",PASS,no problem found,
P2107,6 shared failure wording and glossary used,PASS,no problem found,
P2107,7 understandable to a rider,PASS,no problem found,
P2107,8 can_ride_to_workshop sensible and consistent,PASS,no problem found,
P2107,"9 canonical sentences exact, each sentence 25 words or fewer",PASS,no problem found,
P2107,10 Hindi-translatability,PASS,no problem found,
P2107,11 applies_when correct,PASS,no problem found,
P2108,1 meaning matches standard title and structure,PASS,no problem found,
P2108,"2 causes plausible for a small bike, not car-only",PASS,no problem found,
P2108,"3 advice free of reversals, circular advice and danger",PASS,no problem found,
P2108,4 level correct under RUBRIC.md and stop_table,PASS,no problem found,
P2108,"5 no part, number or hardware the source does not support",PASS,no problem found,
P2108,6 shared failure wording and glossary used,PASS,no problem found,
P2108,7 understandable to a rider,PASS,no problem found,
P2108,8 can_ride_to_workshop sensible and consistent,PASS,no problem found,
P2108,"9 canonical sentences exact, each sentence 25 words or fewer",PASS,no problem found,
P2108,10 Hindi-translatability,PASS,no problem found,
P2108,11 applies_when correct,PASS,no problem found,
P2109,1 meaning matches standard title and structure,PASS,no problem found,
P2109,"2 causes plausible for a small bike, not car-only",PASS,no problem found,
P2109,"3 advice free of reversals, circular advice and danger",PASS,no problem found,
P2109,4 level correct under RUBRIC.md and stop_table,PASS,no problem found,
P2109,"5 no part, number or hardware the source does not support",PASS,no problem found,
P2109,6 shared failure wording and glossary used,PASS,no problem found,
P2109,7 understandable to a rider,CONCERN,'closed throttle stop' is not explained,Write 'the closed position of the throttle'.
P2109,8 can_ride_to_workshop sensible and consistent,PASS,no problem found,
P2109,"9 canonical sentences exact, each sentence 25 words or fewer",PASS,no problem found,
P2109,10 Hindi-translatability,PASS,no problem found,
P2109,11 applies_when correct,PASS,no problem found,
P2110,1 meaning matches standard title and structure,PASS,no problem found,
P2110,"2 causes plausible for a small bike, not car-only",PASS,no problem found,
P2110,"3 advice free of reversals, circular advice and danger",PASS,no problem found,
P2110,4 level correct under RUBRIC.md and stop_table,PASS,no problem found,
P2110,"5 no part, number or hardware the source does not support",PASS,no problem found,
P2110,6 shared failure wording and glossary used,PASS,no problem found,
P2110,7 understandable to a rider,PASS,no problem found,
P2110,8 can_ride_to_workshop sensible and consistent,PASS,no problem found,
P2110,"9 canonical sentences exact, each sentence 25 words or fewer",PASS,no problem found,
P2110,10 Hindi-translatability,PASS,no problem found,
P2110,11 applies_when correct,PASS,no problem found,
P2111,1 meaning matches standard title and structure,PASS,no problem found,
P2111,"2 causes plausible for a small bike, not car-only",PASS,no problem found,
P2111,"3 advice free of reversals, circular advice and danger",CONCERN,"stuck-open throttle: the advice says only 'pull over and switch off'; it does not say how to slow down first (brakes, clutch if fitted, engine stop switch)","Add: 'If the bike does not slow down, use the brakes, pull in the clutch if it has one, then switch off.' (a mechanic to confirm)"
P2111,4 level correct under RUBRIC.md and stop_table,PASS,no problem found,
P2111,"5 no part, number or hardware the source does not support",PASS,no problem found,
P2111,6 shared failure wording and glossary used,PASS,no problem found,
P2111,7 understandable to a rider,PASS,no problem found,
P2111,8 can_ride_to_workshop sensible and consistent,PASS,no problem found,
P2111,"9 canonical sentences exact, each sentence 25 words or fewer",PASS,no problem found,
P2111,10 Hindi-translatability,PASS,no problem found,
P2111,11 applies_when correct,PASS,no problem found,
P2112,1 meaning matches standard title and structure,PASS,no problem found,
P2112,"2 causes plausible for a small bike, not car-only",PASS,no problem found,
P2112,"3 advice free of reversals, circular advice and danger",PASS,no problem found,
P2112,4 level correct under RUBRIC.md and stop_table,PASS,no problem found,
P2112,"5 no part, number or hardware the source does not support",PASS,no problem found,
P2112,6 shared failure wording and glossary used,PASS,no problem found,
P2112,7 understandable to a rider,PASS,no problem found,
P2112,8 can_ride_to_workshop sensible and consistent,PASS,no problem found,
P2112,"9 canonical sentences exact, each sentence 25 words or fewer",PASS,no problem found,
P2112,10 Hindi-translatability,PASS,no problem found,
P2112,11 applies_when correct,PASS,no problem found,
P2118,1 meaning matches standard title and structure,CONCERN,meaning states the cause ('from a binding throttle or a worn motor') as fact; the title only says range/performance,Write 'often from a binding throttle or a worn motor'.
P2118,"2 causes plausible for a small bike, not car-only",PASS,no problem found,
P2118,"3 advice free of reversals, circular advice and danger",PASS,no problem found,
P2118,4 level correct under RUBRIC.md and stop_table,PASS,no problem found,
P2118,"5 no part, number or hardware the source does not support",PASS,no problem found,
P2118,6 shared failure wording and glossary used,PASS,no problem found,
P2118,7 understandable to a rider,PASS,no problem found,
P2118,8 can_ride_to_workshop sensible and consistent,PASS,no problem found,
P2118,"9 canonical sentences exact, each sentence 25 words or fewer",PASS,no problem found,
P2118,10 Hindi-translatability,PASS,no problem found,
P2118,11 applies_when correct,PASS,no problem found,
P2122,1 meaning matches standard title and structure,PASS,no problem found,
P2122,"2 causes plausible for a small bike, not car-only",PASS,no problem found,
P2122,"3 advice free of reversals, circular advice and danger",PASS,no problem found,
P2122,4 level correct under RUBRIC.md and stop_table,PASS,no problem found,
P2122,"5 no part, number or hardware the source does not support",CONCERN,'twist grip sensor D/E' is the author's mapping of 'throttle/pedal position sensor D/E'; the source does not say twist grip,Write 'throttle (twist grip) position sensor D' and keep confidence low.
P2122,6 shared failure wording and glossary used,PASS,no problem found,
P2122,7 understandable to a rider,PASS,no problem found,
P2122,8 can_ride_to_workshop sensible and consistent,PASS,no problem found,
P2122,"9 canonical sentences exact, each sentence 25 words or fewer",PASS,no problem found,
P2122,10 Hindi-translatability,PASS,no problem found,
P2122,11 applies_when correct,PASS,no problem found,
P2123,1 meaning matches standard title and structure,PASS,no problem found,
P2123,"2 causes plausible for a small bike, not car-only",PASS,no problem found,
P2123,"3 advice free of reversals, circular advice and danger",PASS,no problem found,
P2123,4 level correct under RUBRIC.md and stop_table,PASS,no problem found,
P2123,"5 no part, number or hardware the source does not support",CONCERN,'twist grip sensor D/E' is the author's mapping of 'throttle/pedal position sensor D/E'; the source does not say twist grip,Write 'throttle (twist grip) position sensor D' and keep confidence low.
P2123,6 shared failure wording and glossary used,PASS,no problem found,
P2123,7 understandable to a rider,PASS,no problem found,
P2123,8 can_ride_to_workshop sensible and consistent,PASS,no problem found,
P2123,"9 canonical sentences exact, each sentence 25 words or fewer",PASS,no problem found,
P2123,10 Hindi-translatability,PASS,no problem found,
P2123,11 applies_when correct,PASS,no problem found,
P2127,1 meaning matches standard title and structure,PASS,no problem found,
P2127,"2 causes plausible for a small bike, not car-only",PASS,no problem found,
P2127,"3 advice free of reversals, circular advice and danger",PASS,no problem found,
P2127,4 level correct under RUBRIC.md and stop_table,PASS,no problem found,
P2127,"5 no part, number or hardware the source does not support",CONCERN,'twist grip sensor D/E' is the author's mapping of 'throttle/pedal position sensor D/E'; the source does not say twist grip,Write 'throttle (twist grip) position sensor D' and keep confidence low.
P2127,6 shared failure wording and glossary used,PASS,no problem found,
P2127,7 understandable to a rider,PASS,no problem found,
P2127,8 can_ride_to_workshop sensible and consistent,PASS,no problem found,
P2127,"9 canonical sentences exact, each sentence 25 words or fewer",PASS,no problem found,
P2127,10 Hindi-translatability,PASS,no problem found,
P2127,11 applies_when correct,PASS,no problem found,
P2128,1 meaning matches standard title and structure,PASS,no problem found,
P2128,"2 causes plausible for a small bike, not car-only",PASS,no problem found,
P2128,"3 advice free of reversals, circular advice and danger",PASS,no problem found,
P2128,4 level correct under RUBRIC.md and stop_table,PASS,no problem found,
P2128,"5 no part, number or hardware the source does not support",CONCERN,'twist grip sensor D/E' is the author's mapping of 'throttle/pedal position sensor D/E'; the source does not say twist grip,Write 'throttle (twist grip) position sensor D' and keep confidence low.
P2128,6 shared failure wording and glossary used,PASS,no problem found,
P2128,7 understandable to a rider,PASS,no problem found,
P2128,8 can_ride_to_workshop sensible and consistent,PASS,no problem found,
P2128,"9 canonical sentences exact, each sentence 25 words or fewer",PASS,no problem found,
P2128,10 Hindi-translatability,PASS,no problem found,
P2128,11 applies_when correct,PASS,no problem found,
P2135,1 meaning matches standard title and structure,PASS,no problem found,
P2135,"2 causes plausible for a small bike, not car-only",PASS,no problem found,
P2135,"3 advice free of reversals, circular advice and danger",PASS,no problem found,
P2135,4 level correct under RUBRIC.md and stop_table,PASS,no problem found,
P2135,"5 no part, number or hardware the source does not support",PASS,no problem found,
P2135,6 shared failure wording and glossary used,PASS,no problem found,
P2135,7 understandable to a rider,PASS,no problem found,
P2135,8 can_ride_to_workshop sensible and consistent,PASS,no problem found,
P2135,"9 canonical sentences exact, each sentence 25 words or fewer",PASS,no problem found,
P2135,10 Hindi-translatability,PASS,no problem found,
P2135,11 applies_when correct,PASS,no problem found,
P2138,1 meaning matches standard title and structure,PASS,no problem found,
P2138,"2 causes plausible for a small bike, not car-only",PASS,no problem found,
P2138,"3 advice free of reversals, circular advice and danger",PASS,no problem found,
P2138,4 level correct under RUBRIC.md and stop_table,PASS,no problem found,
P2138,"5 no part, number or hardware the source does not support",CONCERN,'twist grip sensor D/E' is the author's mapping of 'throttle/pedal position sensor D/E'; the source does not say twist grip,Write 'throttle (twist grip) position sensor D' and keep confidence low.
P2138,6 shared failure wording and glossary used,PASS,no problem found,
P2138,7 understandable to a rider,PASS,no problem found,
P2138,8 can_ride_to_workshop sensible and consistent,PASS,no problem found,
P2138,"9 canonical sentences exact, each sentence 25 words or fewer",PASS,no problem found,
P2138,10 Hindi-translatability,PASS,no problem found,
P2138,11 applies_when correct,PASS,no problem found,
P2146,1 meaning matches standard title and structure,PASS,no problem found,
P2146,"2 causes plausible for a small bike, not car-only",PASS,no problem found,
P2146,"3 advice free of reversals, circular advice and danger",PASS,no problem found,
P2146,4 level correct under RUBRIC.md and stop_table,PASS,no problem found,
P2146,"5 no part, number or hardware the source does not support",PASS,no problem found,
P2146,6 shared failure wording and glossary used,PASS,no problem found,
P2146,7 understandable to a rider,PASS,no problem found,
P2146,8 can_ride_to_workshop sensible and consistent,PASS,no problem found,
P2146,"9 canonical sentences exact, each sentence 25 words or fewer",PASS,no problem found,
P2146,10 Hindi-translatability,PASS,no problem found,
P2146,11 applies_when correct,PASS,no problem found,
P2148,1 meaning matches standard title and structure,PASS,no problem found,
P2148,"2 causes plausible for a small bike, not car-only",PASS,no problem found,
P2148,"3 advice free of reversals, circular advice and danger",PASS,no problem found,
P2148,4 level correct under RUBRIC.md and stop_table,PASS,no problem found,
P2148,"5 no part, number or hardware the source does not support",PASS,no problem found,
P2148,6 shared failure wording and glossary used,PASS,no problem found,
P2148,7 understandable to a rider,PASS,no problem found,
P2148,8 can_ride_to_workshop sensible and consistent,PASS,no problem found,
P2148,"9 canonical sentences exact, each sentence 25 words or fewer",CONCERN,the hot or swollen battery stop condition is only in can_ride_reason; the advice has no BATTERY-HOT sentence although it says the battery may be overcharged,"Add the BATTERY-HOT sentence to the advice, as in P0561 and P2502."
P2148,10 Hindi-translatability,PASS,no problem found,
P2148,11 applies_when correct,PASS,no problem found,
P2177,1 meaning matches standard title and structure,PASS,no problem found,
P2177,"2 causes plausible for a small bike, not car-only",PASS,no problem found,
P2177,"3 advice free of reversals, circular advice and danger",PASS,no problem found,
P2177,4 level correct under RUBRIC.md and stop_table,PASS,no problem found,
P2177,"5 no part, number or hardware the source does not support",PASS,no problem found,
P2177,6 shared failure wording and glossary used,PASS,no problem found,
P2177,7 understandable to a rider,PASS,no problem found,
P2177,8 can_ride_to_workshop sensible and consistent,PASS,no problem found,
P2177,"9 canonical sentences exact, each sentence 25 words or fewer",PASS,no problem found,
P2177,10 Hindi-translatability,PASS,no problem found,
P2177,11 applies_when correct,PASS,no problem found,
P2196,1 meaning matches standard title and structure,PASS,no problem found,
P2196,"2 causes plausible for a small bike, not car-only",PASS,no problem found,
P2196,"3 advice free of reversals, circular advice and danger",PASS,no problem found,
P2196,4 level correct under RUBRIC.md and stop_table,PASS,no problem found,
P2196,"5 no part, number or hardware the source does not support",PASS,no problem found,
P2196,6 shared failure wording and glossary used,PASS,no problem found,
P2196,7 understandable to a rider,PASS,no problem found,
P2196,8 can_ride_to_workshop sensible and consistent,PASS,no problem found,
P2196,"9 canonical sentences exact, each sentence 25 words or fewer",PASS,no problem found,
P2196,10 Hindi-translatability,CONCERN,'fine-tune' in the meaning,Use 'adjust'.
P2196,11 applies_when correct,PASS,no problem found,
P2226,1 meaning matches standard title and structure,PASS,no problem found,
P2226,"2 causes plausible for a small bike, not car-only",PASS,no problem found,
P2226,"3 advice free of reversals, circular advice and danger",PASS,no problem found,
P2226,4 level correct under RUBRIC.md and stop_table,PASS,no problem found,
P2226,"5 no part, number or hardware the source does not support",PASS,no problem found,
P2226,6 shared failure wording and glossary used,PASS,no problem found,
P2226,7 understandable to a rider,PASS,no problem found,
P2226,8 can_ride_to_workshop sensible and consistent,PASS,no problem found,
P2226,"9 canonical sentences exact, each sentence 25 words or fewer",PASS,no problem found,
P2226,10 Hindi-translatability,PASS,no problem found,
P2226,11 applies_when correct,PASS,no problem found,
P2227,1 meaning matches standard title and structure,PASS,no problem found,
P2227,"2 causes plausible for a small bike, not car-only",PASS,no problem found,
P2227,"3 advice free of reversals, circular advice and danger",PASS,no problem found,
P2227,4 level correct under RUBRIC.md and stop_table,PASS,no problem found,
P2227,"5 no part, number or hardware the source does not support",PASS,no problem found,
P2227,6 shared failure wording and glossary used,PASS,no problem found,
P2227,7 understandable to a rider,PASS,no problem found,
P2227,8 can_ride_to_workshop sensible and consistent,PASS,no problem found,
P2227,"9 canonical sentences exact, each sentence 25 words or fewer",PASS,no problem found,
P2227,10 Hindi-translatability,PASS,no problem found,
P2227,11 applies_when correct,PASS,no problem found,
P2229,1 meaning matches standard title and structure,PASS,no problem found,
P2229,"2 causes plausible for a small bike, not car-only",PASS,no problem found,
P2229,"3 advice free of reversals, circular advice and danger",PASS,no problem found,
P2229,4 level correct under RUBRIC.md and stop_table,PASS,no problem found,
P2229,"5 no part, number or hardware the source does not support",PASS,no problem found,
P2229,6 shared failure wording and glossary used,PASS,no problem found,
P2229,7 understandable to a rider,PASS,no problem found,
P2229,8 can_ride_to_workshop sensible and consistent,PASS,no problem found,
P2229,"9 canonical sentences exact, each sentence 25 words or fewer",PASS,no problem found,
P2229,10 Hindi-translatability,PASS,no problem found,
P2229,11 applies_when correct,PASS,no problem found,
P2270,1 meaning matches standard title and structure,PASS,no problem found,
P2270,"2 causes plausible for a small bike, not car-only",PASS,no problem found,
P2270,"3 advice free of reversals, circular advice and danger",PASS,no problem found,
P2270,4 level correct under RUBRIC.md and stop_table,PASS,no problem found,
P2270,"5 no part, number or hardware the source does not support",PASS,no problem found,
P2270,6 shared failure wording and glossary used,PASS,no problem found,
P2270,7 understandable to a rider,PASS,no problem found,
P2270,8 can_ride_to_workshop sensible and consistent,PASS,no problem found,
P2270,"9 canonical sentences exact, each sentence 25 words or fewer",PASS,no problem found,
P2270,10 Hindi-translatability,PASS,no problem found,
P2270,11 applies_when correct,PASS,no problem found,
P2300,1 meaning matches standard title and structure,PASS,no problem found,
P2300,"2 causes plausible for a small bike, not car-only",PASS,no problem found,
P2300,"3 advice free of reversals, circular advice and danger",PASS,no problem found,
P2300,4 level correct under RUBRIC.md and stop_table,CONCERN,"STOP rests on 'no fuel or no spark stops a single'; on a twin the other cylinder keeps running, which is exactly why the cylinder 2 siblings (P0202, P0264, P0265, P0352, P2303 to P2305) were set to SERVICE_SOON","Owner to decide: keep STOP and add 'on a twin the other cylinder may keep running', or give twins their own wording through applies_when."
P2300,"5 no part, number or hardware the source does not support",PASS,no problem found,
P2300,6 shared failure wording and glossary used,PASS,no problem found,
P2300,7 understandable to a rider,PASS,no problem found,
P2300,8 can_ride_to_workshop sensible and consistent,PASS,no problem found,
P2300,"9 canonical sentences exact, each sentence 25 words or fewer",PASS,no problem found,
P2300,10 Hindi-translatability,PASS,no problem found,
P2300,11 applies_when correct,PASS,no problem found,
P2301,1 meaning matches standard title and structure,PASS,no problem found,
P2301,"2 causes plausible for a small bike, not car-only",PASS,no problem found,
P2301,"3 advice free of reversals, circular advice and danger",PASS,no problem found,
P2301,4 level correct under RUBRIC.md and stop_table,CONCERN,"STOP rests on 'no fuel or no spark stops a single'; on a twin the other cylinder keeps running, which is exactly why the cylinder 2 siblings (P0202, P0264, P0265, P0352, P2303 to P2305) were set to SERVICE_SOON","Owner to decide: keep STOP and add 'on a twin the other cylinder may keep running', or give twins their own wording through applies_when."
P2301,"5 no part, number or hardware the source does not support",PASS,no problem found,
P2301,6 shared failure wording and glossary used,PASS,no problem found,
P2301,7 understandable to a rider,PASS,no problem found,
P2301,8 can_ride_to_workshop sensible and consistent,PASS,no problem found,
P2301,"9 canonical sentences exact, each sentence 25 words or fewer",PASS,no problem found,
P2301,10 Hindi-translatability,PASS,no problem found,
P2301,11 applies_when correct,PASS,no problem found,
P2302,1 meaning matches standard title and structure,PASS,no problem found,
P2302,"2 causes plausible for a small bike, not car-only",PASS,no problem found,
P2302,"3 advice free of reversals, circular advice and danger",PASS,no problem found,
P2302,4 level correct under RUBRIC.md and stop_table,CONCERN,"STOP rests on 'no fuel or no spark stops a single'; on a twin the other cylinder keeps running, which is exactly why the cylinder 2 siblings (P0202, P0264, P0265, P0352, P2303 to P2305) were set to SERVICE_SOON","Owner to decide: keep STOP and add 'on a twin the other cylinder may keep running', or give twins their own wording through applies_when."
P2302,"5 no part, number or hardware the source does not support",PASS,no problem found,
P2302,6 shared failure wording and glossary used,PASS,no problem found,
P2302,7 understandable to a rider,PASS,no problem found,
P2302,8 can_ride_to_workshop sensible and consistent,PASS,no problem found,
P2302,"9 canonical sentences exact, each sentence 25 words or fewer",PASS,no problem found,
P2302,10 Hindi-translatability,PASS,no problem found,
P2302,11 applies_when correct,PASS,no problem found,
P2500,1 meaning matches standard title and structure,PASS,no problem found,
P2500,"2 causes plausible for a small bike, not car-only",PASS,no problem found,
P2500,"3 advice free of reversals, circular advice and danger",PASS,no problem found,
P2500,4 level correct under RUBRIC.md and stop_table,PASS,no problem found,
P2500,"5 no part, number or hardware the source does not support",PASS,no problem found,
P2500,6 shared failure wording and glossary used,PASS,no problem found,
P2500,7 understandable to a rider,PASS,no problem found,
P2500,8 can_ride_to_workshop sensible and consistent,PASS,no problem found,
P2500,"9 canonical sentences exact, each sentence 25 words or fewer",PASS,no problem found,
P2500,10 Hindi-translatability,PASS,no problem found,
P2500,11 applies_when correct,CONCERN,ECU-controlled alternator field or lamp terminal is a car-style feature that small bikes rarely have; applies_when is empty,New key such as alternator_ecu_controlled.
P2501,1 meaning matches standard title and structure,PASS,no problem found,
P2501,"2 causes plausible for a small bike, not car-only",PASS,no problem found,
P2501,"3 advice free of reversals, circular advice and danger",PASS,no problem found,
P2501,4 level correct under RUBRIC.md and stop_table,PASS,no problem found,
P2501,"5 no part, number or hardware the source does not support",PASS,no problem found,
P2501,6 shared failure wording and glossary used,PASS,no problem found,
P2501,7 understandable to a rider,PASS,no problem found,
P2501,8 can_ride_to_workshop sensible and consistent,PASS,no problem found,
P2501,"9 canonical sentences exact, each sentence 25 words or fewer",PASS,no problem found,
P2501,10 Hindi-translatability,PASS,no problem found,
P2501,11 applies_when correct,CONCERN,ECU-controlled alternator field or lamp terminal is a car-style feature that small bikes rarely have; applies_when is empty,New key such as alternator_ecu_controlled.
P2502,1 meaning matches standard title and structure,PASS,no problem found,
P2502,"2 causes plausible for a small bike, not car-only",PASS,no problem found,
P2502,"3 advice free of reversals, circular advice and danger",PASS,no problem found,
P2502,4 level correct under RUBRIC.md and stop_table,PASS,no problem found,
P2502,"5 no part, number or hardware the source does not support",PASS,no problem found,
P2502,6 shared failure wording and glossary used,PASS,no problem found,
P2502,7 understandable to a rider,PASS,no problem found,
P2502,8 can_ride_to_workshop sensible and consistent,PASS,no problem found,
P2502,"9 canonical sentences exact, each sentence 25 words or fewer",PASS,no problem found,
P2502,10 Hindi-translatability,PASS,no problem found,
P2502,11 applies_when correct,PASS,no problem found,
P2504,1 meaning matches standard title and structure,PASS,no problem found,
P2504,"2 causes plausible for a small bike, not car-only",PASS,no problem found,
P2504,"3 advice free of reversals, circular advice and danger",PASS,no problem found,
P2504,4 level correct under RUBRIC.md and stop_table,PASS,no problem found,
P2504,"5 no part, number or hardware the source does not support",PASS,no problem found,
P2504,6 shared failure wording and glossary used,PASS,no problem found,
P2504,7 understandable to a rider,PASS,no problem found,
P2504,8 can_ride_to_workshop sensible and consistent,PASS,no problem found,
P2504,"9 canonical sentences exact, each sentence 25 words or fewer",CONCERN,29-word sentence (the BATTERY sentence); the brief says each sentence inside a canonical sentence must be 25 words or fewer; D6 exempted it knowingly (P0563 is the same),"Split: 'If the battery is hot, swollen or smells of rotten eggs, stop, switch off and do not ride on. Do the same if the lights are very bright or bulbs keep blowing.'"
P2504,10 Hindi-translatability,PASS,no problem found,
P2504,11 applies_when correct,PASS,no problem found,
P2610,1 meaning matches standard title and structure,PASS,no problem found,
P2610,"2 causes plausible for a small bike, not car-only",PASS,no problem found,
P2610,"3 advice free of reversals, circular advice and danger",PASS,no problem found,
P2610,4 level correct under RUBRIC.md and stop_table,PASS,no problem found,
P2610,"5 no part, number or hardware the source does not support",PASS,no problem found,
P2610,6 shared failure wording and glossary used,PASS,no problem found,
P2610,7 understandable to a rider,PASS,no problem found,
P2610,8 can_ride_to_workshop sensible and consistent,PASS,no problem found,
P2610,"9 canonical sentences exact, each sentence 25 words or fewer",PASS,no problem found,
P2610,10 Hindi-translatability,PASS,no problem found,
P2610,11 applies_when correct,PASS,no problem found,
P2A00,1 meaning matches standard title and structure,PASS,no problem found,
P2A00,"2 causes plausible for a small bike, not car-only",PASS,no problem found,
P2A00,"3 advice free of reversals, circular advice and danger",PASS,no problem found,
P2A00,4 level correct under RUBRIC.md and stop_table,PASS,no problem found,
P2A00,"5 no part, number or hardware the source does not support",PASS,no problem found,
P2A00,6 shared failure wording and glossary used,PASS,no problem found,
P2A00,7 understandable to a rider,PASS,no problem found,
P2A00,8 can_ride_to_workshop sensible and consistent,PASS,no problem found,
P2A00,"9 canonical sentences exact, each sentence 25 words or fewer",PASS,no problem found,
P2A00,10 Hindi-translatability,CONCERN,'fine-tune' in the meaning,Use 'adjust'.
P2A00,11 applies_when correct,PASS,no problem found,
P2A01,1 meaning matches standard title and structure,PASS,no problem found,
P2A01,"2 causes plausible for a small bike, not car-only",PASS,no problem found,
P2A01,"3 advice free of reversals, circular advice and danger",PASS,no problem found,
P2A01,4 level correct under RUBRIC.md and stop_table,PASS,no problem found,
P2A01,"5 no part, number or hardware the source does not support",PASS,no problem found,
P2A01,6 shared failure wording and glossary used,PASS,no problem found,
P2A01,7 understandable to a rider,PASS,no problem found,
P2A01,8 can_ride_to_workshop sensible and consistent,PASS,no problem found,
P2A01,"9 canonical sentences exact, each sentence 25 words or fewer",PASS,no problem found,
P2A01,10 Hindi-translatability,PASS,no problem found,
P2A01,11 applies_when correct,PASS,no problem found,
U0001,1 meaning matches standard title and structure,PASS,no problem found,
U0001,"2 causes plausible for a small bike, not car-only",PASS,no problem found,
U0001,"3 advice free of reversals, circular advice and danger",PASS,no problem found,
U0001,4 level correct under RUBRIC.md and stop_table,PASS,no problem found,
U0001,"5 no part, number or hardware the source does not support",PASS,no problem found,
U0001,6 shared failure wording and glossary used,PASS,no problem found,
U0001,7 understandable to a rider,PASS,no problem found,
U0001,8 can_ride_to_workshop sensible and consistent,PASS,no problem found,
U0001,"9 canonical sentences exact, each sentence 25 words or fewer",PASS,no problem found,
U0001,10 Hindi-translatability,PASS,no problem found,
U0001,11 applies_when correct,CONCERN,only a bike with a CAN bus can raise these; the key can_bus_fitted exists in the validator but no entry uses it,Add {can_bus_fitted: true} and make the validator require it for the can_bus tag.
U0001,12 chassis wheel-speed wording position-neutral,PASS,wording is position-neutral,
U0002,1 meaning matches standard title and structure,PASS,no problem found,
U0002,"2 causes plausible for a small bike, not car-only",PASS,no problem found,
U0002,"3 advice free of reversals, circular advice and danger",PASS,no problem found,
U0002,4 level correct under RUBRIC.md and stop_table,PASS,no problem found,
U0002,"5 no part, number or hardware the source does not support",PASS,no problem found,
U0002,6 shared failure wording and glossary used,PASS,no problem found,
U0002,7 understandable to a rider,PASS,no problem found,
U0002,8 can_ride_to_workshop sensible and consistent,PASS,no problem found,
U0002,"9 canonical sentences exact, each sentence 25 words or fewer",PASS,no problem found,
U0002,10 Hindi-translatability,PASS,no problem found,
U0002,11 applies_when correct,CONCERN,only a bike with a CAN bus can raise these; the key can_bus_fitted exists in the validator but no entry uses it,Add {can_bus_fitted: true} and make the validator require it for the can_bus tag.
U0002,12 chassis wheel-speed wording position-neutral,PASS,wording is position-neutral,
U0003,1 meaning matches standard title and structure,PASS,no problem found,
U0003,"2 causes plausible for a small bike, not car-only",PASS,no problem found,
U0003,"3 advice free of reversals, circular advice and danger",PASS,no problem found,
U0003,4 level correct under RUBRIC.md and stop_table,PASS,no problem found,
U0003,"5 no part, number or hardware the source does not support",PASS,no problem found,
U0003,6 shared failure wording and glossary used,PASS,no problem found,
U0003,7 understandable to a rider,CONCERN,meaning uses 'CAN bus' without saying what it is (only U0001 and U0009 explain it),First use: 'CAN bus (the bike's data network)'.
U0003,8 can_ride_to_workshop sensible and consistent,PASS,no problem found,
U0003,"9 canonical sentences exact, each sentence 25 words or fewer",PASS,no problem found,
U0003,10 Hindi-translatability,PASS,no problem found,
U0003,11 applies_when correct,CONCERN,only a bike with a CAN bus can raise these; the key can_bus_fitted exists in the validator but no entry uses it,Add {can_bus_fitted: true} and make the validator require it for the can_bus tag.
U0003,12 chassis wheel-speed wording position-neutral,PASS,wording is position-neutral,
U0004,1 meaning matches standard title and structure,PASS,no problem found,
U0004,"2 causes plausible for a small bike, not car-only",PASS,no problem found,
U0004,"3 advice free of reversals, circular advice and danger",PASS,no problem found,
U0004,4 level correct under RUBRIC.md and stop_table,PASS,no problem found,
U0004,"5 no part, number or hardware the source does not support",PASS,no problem found,
U0004,6 shared failure wording and glossary used,PASS,no problem found,
U0004,7 understandable to a rider,CONCERN,meaning uses 'CAN bus' without saying what it is (only U0001 and U0009 explain it),First use: 'CAN bus (the bike's data network)'.
U0004,8 can_ride_to_workshop sensible and consistent,PASS,no problem found,
U0004,"9 canonical sentences exact, each sentence 25 words or fewer",PASS,no problem found,
U0004,10 Hindi-translatability,CONCERN,cause 'A faulty unit pulling the bus down' is an idiom,Use 'A faulty unit that disturbs the bus'.
U0004,11 applies_when correct,CONCERN,only a bike with a CAN bus can raise these; the key can_bus_fitted exists in the validator but no entry uses it,Add {can_bus_fitted: true} and make the validator require it for the can_bus tag.
U0004,12 chassis wheel-speed wording position-neutral,PASS,wording is position-neutral,
U0005,1 meaning matches standard title and structure,PASS,no problem found,
U0005,"2 causes plausible for a small bike, not car-only",PASS,no problem found,
U0005,"3 advice free of reversals, circular advice and danger",PASS,no problem found,
U0005,4 level correct under RUBRIC.md and stop_table,PASS,no problem found,
U0005,"5 no part, number or hardware the source does not support",PASS,no problem found,
U0005,6 shared failure wording and glossary used,PASS,no problem found,
U0005,7 understandable to a rider,CONCERN,meaning uses 'CAN bus' without saying what it is (only U0001 and U0009 explain it),First use: 'CAN bus (the bike's data network)'.
U0005,8 can_ride_to_workshop sensible and consistent,PASS,no problem found,
U0005,"9 canonical sentences exact, each sentence 25 words or fewer",PASS,no problem found,
U0005,10 Hindi-translatability,PASS,no problem found,
U0005,11 applies_when correct,CONCERN,only a bike with a CAN bus can raise these; the key can_bus_fitted exists in the validator but no entry uses it,Add {can_bus_fitted: true} and make the validator require it for the can_bus tag.
U0005,12 chassis wheel-speed wording position-neutral,PASS,wording is position-neutral,
U0006,1 meaning matches standard title and structure,PASS,no problem found,
U0006,"2 causes plausible for a small bike, not car-only",PASS,no problem found,
U0006,"3 advice free of reversals, circular advice and danger",PASS,no problem found,
U0006,4 level correct under RUBRIC.md and stop_table,PASS,no problem found,
U0006,"5 no part, number or hardware the source does not support",PASS,no problem found,
U0006,6 shared failure wording and glossary used,PASS,no problem found,
U0006,7 understandable to a rider,CONCERN,meaning uses 'CAN bus' without saying what it is (only U0001 and U0009 explain it),First use: 'CAN bus (the bike's data network)'.
U0006,8 can_ride_to_workshop sensible and consistent,PASS,no problem found,
U0006,"9 canonical sentences exact, each sentence 25 words or fewer",PASS,no problem found,
U0006,10 Hindi-translatability,PASS,no problem found,
U0006,11 applies_when correct,CONCERN,only a bike with a CAN bus can raise these; the key can_bus_fitted exists in the validator but no entry uses it,Add {can_bus_fitted: true} and make the validator require it for the can_bus tag.
U0006,12 chassis wheel-speed wording position-neutral,PASS,wording is position-neutral,
U0007,1 meaning matches standard title and structure,PASS,no problem found,
U0007,"2 causes plausible for a small bike, not car-only",PASS,no problem found,
U0007,"3 advice free of reversals, circular advice and danger",PASS,no problem found,
U0007,4 level correct under RUBRIC.md and stop_table,PASS,no problem found,
U0007,"5 no part, number or hardware the source does not support",PASS,no problem found,
U0007,6 shared failure wording and glossary used,PASS,no problem found,
U0007,7 understandable to a rider,CONCERN,meaning uses 'CAN bus' without saying what it is (only U0001 and U0009 explain it),First use: 'CAN bus (the bike's data network)'.
U0007,8 can_ride_to_workshop sensible and consistent,PASS,no problem found,
U0007,"9 canonical sentences exact, each sentence 25 words or fewer",PASS,no problem found,
U0007,10 Hindi-translatability,CONCERN,cause 'A faulty unit pulling the bus down' is an idiom,Use 'A faulty unit that disturbs the bus'.
U0007,11 applies_when correct,CONCERN,only a bike with a CAN bus can raise these; the key can_bus_fitted exists in the validator but no entry uses it,Add {can_bus_fitted: true} and make the validator require it for the can_bus tag.
U0007,12 chassis wheel-speed wording position-neutral,PASS,wording is position-neutral,
U0008,1 meaning matches standard title and structure,PASS,no problem found,
U0008,"2 causes plausible for a small bike, not car-only",PASS,no problem found,
U0008,"3 advice free of reversals, circular advice and danger",PASS,no problem found,
U0008,4 level correct under RUBRIC.md and stop_table,PASS,no problem found,
U0008,"5 no part, number or hardware the source does not support",PASS,no problem found,
U0008,6 shared failure wording and glossary used,PASS,no problem found,
U0008,7 understandable to a rider,CONCERN,meaning uses 'CAN bus' without saying what it is (only U0001 and U0009 explain it),First use: 'CAN bus (the bike's data network)'.
U0008,8 can_ride_to_workshop sensible and consistent,PASS,no problem found,
U0008,"9 canonical sentences exact, each sentence 25 words or fewer",PASS,no problem found,
U0008,10 Hindi-translatability,PASS,no problem found,
U0008,11 applies_when correct,CONCERN,only a bike with a CAN bus can raise these; the key can_bus_fitted exists in the validator but no entry uses it,Add {can_bus_fitted: true} and make the validator require it for the can_bus tag.
U0008,12 chassis wheel-speed wording position-neutral,PASS,wording is position-neutral,
U0009,1 meaning matches standard title and structure,PASS,no problem found,
U0009,"2 causes plausible for a small bike, not car-only",PASS,no problem found,
U0009,"3 advice free of reversals, circular advice and danger",PASS,no problem found,
U0009,4 level correct under RUBRIC.md and stop_table,PASS,no problem found,
U0009,"5 no part, number or hardware the source does not support",PASS,no problem found,
U0009,6 shared failure wording and glossary used,PASS,no problem found,
U0009,7 understandable to a rider,PASS,no problem found,
U0009,8 can_ride_to_workshop sensible and consistent,PASS,no problem found,
U0009,"9 canonical sentences exact, each sentence 25 words or fewer",PASS,no problem found,
U0009,10 Hindi-translatability,CONCERN,cause 'A faulty unit pulling the bus down' is an idiom,Use 'A faulty unit that disturbs the bus'.
U0009,11 applies_when correct,CONCERN,only a bike with a CAN bus can raise these; the key can_bus_fitted exists in the validator but no entry uses it,Add {can_bus_fitted: true} and make the validator require it for the can_bus tag.
U0009,12 chassis wheel-speed wording position-neutral,PASS,wording is position-neutral,
U0010,1 meaning matches standard title and structure,PASS,no problem found,
U0010,"2 causes plausible for a small bike, not car-only",PASS,no problem found,
U0010,"3 advice free of reversals, circular advice and danger",PASS,no problem found,
U0010,4 level correct under RUBRIC.md and stop_table,PASS,no problem found,
U0010,"5 no part, number or hardware the source does not support",PASS,no problem found,
U0010,6 shared failure wording and glossary used,PASS,no problem found,
U0010,7 understandable to a rider,PASS,no problem found,
U0010,8 can_ride_to_workshop sensible and consistent,PASS,no problem found,
U0010,"9 canonical sentences exact, each sentence 25 words or fewer",PASS,no problem found,
U0010,10 Hindi-translatability,PASS,no problem found,
U0010,11 applies_when correct,CONCERN,only a bike with a CAN bus can raise these; the key can_bus_fitted exists in the validator but no entry uses it,Add {can_bus_fitted: true} and make the validator require it for the can_bus tag.
U0010,12 chassis wheel-speed wording position-neutral,PASS,wording is position-neutral,
U0073,1 meaning matches standard title and structure,PASS,no problem found,
U0073,"2 causes plausible for a small bike, not car-only",PASS,no problem found,
U0073,"3 advice free of reversals, circular advice and danger",PASS,no problem found,
U0073,4 level correct under RUBRIC.md and stop_table,PASS,no problem found,
U0073,"5 no part, number or hardware the source does not support",PASS,no problem found,
U0073,6 shared failure wording and glossary used,PASS,no problem found,
U0073,7 understandable to a rider,CONCERN,meaning uses 'CAN bus' without saying what it is (only U0001 and U0009 explain it),First use: 'CAN bus (the bike's data network)'.
U0073,8 can_ride_to_workshop sensible and consistent,PASS,no problem found,
U0073,"9 canonical sentences exact, each sentence 25 words or fewer",PASS,no problem found,
U0073,10 Hindi-translatability,CONCERN,cause 'A faulty unit pulling the bus down' is an idiom,Use 'A faulty unit that disturbs the bus'.
U0073,11 applies_when correct,CONCERN,only a bike with a CAN bus can raise these; the key can_bus_fitted exists in the validator but no entry uses it,Add {can_bus_fitted: true} and make the validator require it for the can_bus tag.
U0073,12 chassis wheel-speed wording position-neutral,PASS,wording is position-neutral,
U0074,1 meaning matches standard title and structure,PASS,no problem found,
U0074,"2 causes plausible for a small bike, not car-only",PASS,no problem found,
U0074,"3 advice free of reversals, circular advice and danger",PASS,no problem found,
U0074,4 level correct under RUBRIC.md and stop_table,PASS,no problem found,
U0074,"5 no part, number or hardware the source does not support",PASS,no problem found,
U0074,6 shared failure wording and glossary used,PASS,no problem found,
U0074,7 understandable to a rider,CONCERN,meaning uses 'CAN bus' without saying what it is (only U0001 and U0009 explain it),First use: 'CAN bus (the bike's data network)'.
U0074,8 can_ride_to_workshop sensible and consistent,PASS,no problem found,
U0074,"9 canonical sentences exact, each sentence 25 words or fewer",PASS,no problem found,
U0074,10 Hindi-translatability,CONCERN,cause 'A faulty unit pulling the bus down' is an idiom,Use 'A faulty unit that disturbs the bus'.
U0074,11 applies_when correct,CONCERN,only a bike with a CAN bus can raise these; the key can_bus_fitted exists in the validator but no entry uses it,Add {can_bus_fitted: true} and make the validator require it for the can_bus tag.
U0074,12 chassis wheel-speed wording position-neutral,PASS,wording is position-neutral,
U0075,1 meaning matches standard title and structure,PASS,no problem found,
U0075,"2 causes plausible for a small bike, not car-only",PASS,no problem found,
U0075,"3 advice free of reversals, circular advice and danger",PASS,no problem found,
U0075,4 level correct under RUBRIC.md and stop_table,PASS,no problem found,
U0075,"5 no part, number or hardware the source does not support",PASS,no problem found,
U0075,6 shared failure wording and glossary used,CONCERN,titles end 'bus off' while U0073 and U0074 say 'communication lost (bus off)',Use 'communication lost (bus off)' in all five.
U0075,7 understandable to a rider,PASS,no problem found,
U0075,8 can_ride_to_workshop sensible and consistent,PASS,no problem found,
U0075,"9 canonical sentences exact, each sentence 25 words or fewer",PASS,no problem found,
U0075,10 Hindi-translatability,CONCERN,cause 'A faulty unit pulling the bus down' is an idiom,Use 'A faulty unit that disturbs the bus'.
U0075,11 applies_when correct,CONCERN,only a bike with a CAN bus can raise these; the key can_bus_fitted exists in the validator but no entry uses it,Add {can_bus_fitted: true} and make the validator require it for the can_bus tag.
U0075,12 chassis wheel-speed wording position-neutral,PASS,wording is position-neutral,
U0076,1 meaning matches standard title and structure,PASS,no problem found,
U0076,"2 causes plausible for a small bike, not car-only",PASS,no problem found,
U0076,"3 advice free of reversals, circular advice and danger",PASS,no problem found,
U0076,4 level correct under RUBRIC.md and stop_table,PASS,no problem found,
U0076,"5 no part, number or hardware the source does not support",PASS,no problem found,
U0076,6 shared failure wording and glossary used,CONCERN,titles end 'bus off' while U0073 and U0074 say 'communication lost (bus off)',Use 'communication lost (bus off)' in all five.
U0076,7 understandable to a rider,PASS,no problem found,
U0076,8 can_ride_to_workshop sensible and consistent,PASS,no problem found,
U0076,"9 canonical sentences exact, each sentence 25 words or fewer",PASS,no problem found,
U0076,10 Hindi-translatability,CONCERN,cause 'A faulty unit pulling the bus down' is an idiom,Use 'A faulty unit that disturbs the bus'.
U0076,11 applies_when correct,CONCERN,only a bike with a CAN bus can raise these; the key can_bus_fitted exists in the validator but no entry uses it,Add {can_bus_fitted: true} and make the validator require it for the can_bus tag.
U0076,12 chassis wheel-speed wording position-neutral,PASS,wording is position-neutral,
U0077,1 meaning matches standard title and structure,PASS,no problem found,
U0077,"2 causes plausible for a small bike, not car-only",PASS,no problem found,
U0077,"3 advice free of reversals, circular advice and danger",PASS,no problem found,
U0077,4 level correct under RUBRIC.md and stop_table,PASS,no problem found,
U0077,"5 no part, number or hardware the source does not support",PASS,no problem found,
U0077,6 shared failure wording and glossary used,CONCERN,titles end 'bus off' while U0073 and U0074 say 'communication lost (bus off)',Use 'communication lost (bus off)' in all five.
U0077,7 understandable to a rider,PASS,no problem found,
U0077,8 can_ride_to_workshop sensible and consistent,PASS,no problem found,
U0077,"9 canonical sentences exact, each sentence 25 words or fewer",PASS,no problem found,
U0077,10 Hindi-translatability,CONCERN,cause 'A faulty unit pulling the bus down' is an idiom,Use 'A faulty unit that disturbs the bus'.
U0077,11 applies_when correct,CONCERN,only a bike with a CAN bus can raise these; the key can_bus_fitted exists in the validator but no entry uses it,Add {can_bus_fitted: true} and make the validator require it for the can_bus tag.
U0077,12 chassis wheel-speed wording position-neutral,PASS,wording is position-neutral,
U0100,1 meaning matches standard title and structure,PASS,no problem found,
U0100,"2 causes plausible for a small bike, not car-only",PASS,no problem found,
U0100,"3 advice free of reversals, circular advice and danger",PASS,no problem found,
U0100,4 level correct under RUBRIC.md and stop_table,PASS,no problem found,
U0100,"5 no part, number or hardware the source does not support",PASS,no problem found,
U0100,6 shared failure wording and glossary used,PASS,no problem found,
U0100,7 understandable to a rider,PASS,no problem found,
U0100,8 can_ride_to_workshop sensible and consistent,PASS,no problem found,
U0100,"9 canonical sentences exact, each sentence 25 words or fewer",PASS,no problem found,
U0100,10 Hindi-translatability,PASS,no problem found,
U0100,11 applies_when correct,PASS,no problem found,
U0121,1 meaning matches standard title and structure,PASS,no problem found,
U0121,"2 causes plausible for a small bike, not car-only",PASS,no problem found,
U0121,"3 advice free of reversals, circular advice and danger",PASS,no problem found,
U0121,4 level correct under RUBRIC.md and stop_table,PASS,no problem found,
U0121,"5 no part, number or hardware the source does not support",PASS,no problem found,
U0121,6 shared failure wording and glossary used,PASS,no problem found,
U0121,7 understandable to a rider,PASS,no problem found,
U0121,8 can_ride_to_workshop sensible and consistent,PASS,no problem found,
U0121,"9 canonical sentences exact, each sentence 25 words or fewer",PASS,no problem found,
U0121,10 Hindi-translatability,PASS,no problem found,
U0121,11 applies_when correct,PASS,no problem found,
U0121,12 chassis wheel-speed wording position-neutral,PASS,wording is position-neutral,
U0140,1 meaning matches standard title and structure,PASS,no problem found,
U0140,"2 causes plausible for a small bike, not car-only",CONCERN,a body control unit is a car idea; few bikes have one,Keep low confidence and add an applies_when key for bikes with such a unit.
U0140,"3 advice free of reversals, circular advice and danger",PASS,no problem found,
U0140,4 level correct under RUBRIC.md and stop_table,PASS,no problem found,
U0140,"5 no part, number or hardware the source does not support",PASS,no problem found,
U0140,6 shared failure wording and glossary used,PASS,no problem found,
U0140,7 understandable to a rider,PASS,no problem found,
U0140,8 can_ride_to_workshop sensible and consistent,PASS,no problem found,
U0140,"9 canonical sentences exact, each sentence 25 words or fewer",PASS,no problem found,
U0140,10 Hindi-translatability,PASS,no problem found,
U0140,11 applies_when correct,CONCERN,only a bike with a CAN bus can raise these; the key can_bus_fitted exists in the validator but no entry uses it,Add {can_bus_fitted: true} and make the validator require it for the can_bus tag.
U0140,12 chassis wheel-speed wording position-neutral,PASS,wording is position-neutral,
U0146,1 meaning matches standard title and structure,PASS,no problem found,
U0146,"2 causes plausible for a small bike, not car-only",PASS,no problem found,
U0146,"3 advice free of reversals, circular advice and danger",PASS,no problem found,
U0146,4 level correct under RUBRIC.md and stop_table,PASS,no problem found,
U0146,"5 no part, number or hardware the source does not support",PASS,no problem found,
U0146,6 shared failure wording and glossary used,PASS,no problem found,
U0146,7 understandable to a rider,PASS,no problem found,
U0146,8 can_ride_to_workshop sensible and consistent,PASS,no problem found,
U0146,"9 canonical sentences exact, each sentence 25 words or fewer",PASS,no problem found,
U0146,10 Hindi-translatability,PASS,no problem found,
U0146,11 applies_when correct,CONCERN,only a bike with a CAN bus can raise these; the key can_bus_fitted exists in the validator but no entry uses it,Add {can_bus_fitted: true} and make the validator require it for the can_bus tag.
U0146,12 chassis wheel-speed wording position-neutral,PASS,wording is position-neutral,
U0155,1 meaning matches standard title and structure,PASS,no problem found,
U0155,"2 causes plausible for a small bike, not car-only",PASS,no problem found,
U0155,"3 advice free of reversals, circular advice and danger",PASS,no problem found,
U0155,4 level correct under RUBRIC.md and stop_table,PASS,no problem found,
U0155,"5 no part, number or hardware the source does not support",PASS,no problem found,
U0155,6 shared failure wording and glossary used,PASS,no problem found,
U0155,7 understandable to a rider,PASS,no problem found,
U0155,8 can_ride_to_workshop sensible and consistent,PASS,no problem found,
U0155,"9 canonical sentences exact, each sentence 25 words or fewer",PASS,no problem found,
U0155,10 Hindi-translatability,PASS,no problem found,
U0155,11 applies_when correct,PASS,no problem found,
U0167,1 meaning matches standard title and structure,PASS,no problem found,
U0167,"2 causes plausible for a small bike, not car-only",PASS,no problem found,
U0167,"3 advice free of reversals, circular advice and danger",PASS,no problem found,
U0167,4 level correct under RUBRIC.md and stop_table,PASS,no problem found,
U0167,"5 no part, number or hardware the source does not support",PASS,no problem found,
U0167,6 shared failure wording and glossary used,PASS,no problem found,
U0167,7 understandable to a rider,PASS,no problem found,
U0167,8 can_ride_to_workshop sensible and consistent,PASS,no problem found,
U0167,"9 canonical sentences exact, each sentence 25 words or fewer",PASS,no problem found,
U0167,10 Hindi-translatability,PASS,no problem found,
U0167,11 applies_when correct,CONCERN,not every bike has an immobiliser,Add an immobiliser_fitted key.
U0300,1 meaning matches standard title and structure,PASS,no problem found,
U0300,"2 causes plausible for a small bike, not car-only",PASS,no problem found,
U0300,"3 advice free of reversals, circular advice and danger",PASS,no problem found,
U0300,4 level correct under RUBRIC.md and stop_table,PASS,no problem found,
U0300,"5 no part, number or hardware the source does not support",PASS,no problem found,
U0300,6 shared failure wording and glossary used,PASS,no problem found,
U0300,7 understandable to a rider,PASS,no problem found,
U0300,8 can_ride_to_workshop sensible and consistent,PASS,no problem found,
U0300,"9 canonical sentences exact, each sentence 25 words or fewer",PASS,no problem found,
U0300,10 Hindi-translatability,PASS,no problem found,
U0300,11 applies_when correct,PASS,no problem found,
U0300,12 chassis wheel-speed wording position-neutral,PASS,wording is position-neutral,
U0301,1 meaning matches standard title and structure,PASS,no problem found,
U0301,"2 causes plausible for a small bike, not car-only",PASS,no problem found,
U0301,"3 advice free of reversals, circular advice and danger",PASS,no problem found,
U0301,4 level correct under RUBRIC.md and stop_table,PASS,no problem found,
U0301,"5 no part, number or hardware the source does not support",PASS,no problem found,
U0301,6 shared failure wording and glossary used,PASS,no problem found,
U0301,7 understandable to a rider,PASS,no problem found,
U0301,8 can_ride_to_workshop sensible and consistent,PASS,no problem found,
U0301,"9 canonical sentences exact, each sentence 25 words or fewer",PASS,no problem found,
U0301,10 Hindi-translatability,PASS,no problem found,
U0301,11 applies_when correct,PASS,no problem found,
U0401,1 meaning matches standard title and structure,PASS,no problem found,
U0401,"2 causes plausible for a small bike, not car-only",PASS,no problem found,
U0401,"3 advice free of reversals, circular advice and danger",PASS,no problem found,
U0401,4 level correct under RUBRIC.md and stop_table,PASS,no problem found,
U0401,"5 no part, number or hardware the source does not support",PASS,no problem found,
U0401,6 shared failure wording and glossary used,PASS,no problem found,
U0401,7 understandable to a rider,PASS,no problem found,
U0401,8 can_ride_to_workshop sensible and consistent,PASS,no problem found,
U0401,"9 canonical sentences exact, each sentence 25 words or fewer",PASS,no problem found,
U0401,10 Hindi-translatability,PASS,no problem found,
U0401,11 applies_when correct,PASS,no problem found,
U0415,1 meaning matches standard title and structure,PASS,no problem found,
U0415,"2 causes plausible for a small bike, not car-only",PASS,no problem found,
U0415,"3 advice free of reversals, circular advice and danger",PASS,no problem found,
U0415,4 level correct under RUBRIC.md and stop_table,PASS,no problem found,
U0415,"5 no part, number or hardware the source does not support",PASS,no problem found,
U0415,6 shared failure wording and glossary used,PASS,no problem found,
U0415,7 understandable to a rider,PASS,no problem found,
U0415,8 can_ride_to_workshop sensible and consistent,PASS,no problem found,
U0415,"9 canonical sentences exact, each sentence 25 words or fewer",PASS,no problem found,
U0415,10 Hindi-translatability,PASS,no problem found,
U0415,11 applies_when correct,PASS,no problem found,
U0415,12 chassis wheel-speed wording position-neutral,PASS,wording is position-neutral,
P0117,"3 advice free of reversals, circular advice and danger [outside the seeded sample]",CONCERN,"advice says 'if it runs very hot, stop and let it cool', but this fault makes the engine LOOK hotter; the overheating risk belongs to P0118 (looks colder, fan may not start)",Remove the overheating sentence from P0117 and keep it in P0118.
P0325,1 meaning matches standard title and structure [outside the seeded sample],CONCERN,"the owner's assistant verified a title for this code, but standard_title_en still holds the OBDex wording (P0351 and P0352 add '(Cylinder N)'; P0325, P0327, P0328 lack 'or Single Sensor'; P0326 uses another sensor name than its siblings; P0505 says 'Idle Air Control')",Move the verified title into title_overrides.csv so standard_title_en and title_basis 'override' record it; P0325 to P0328 should share one pattern.
P0326,1 meaning matches standard title and structure [outside the seeded sample],CONCERN,"the owner's assistant verified a title for this code, but standard_title_en still holds the OBDex wording (P0351 and P0352 add '(Cylinder N)'; P0325, P0327, P0328 lack 'or Single Sensor'; P0326 uses another sensor name than its siblings; P0505 says 'Idle Air Control')",Move the verified title into title_overrides.csv so standard_title_en and title_basis 'override' record it; P0325 to P0328 should share one pattern.
P0327,1 meaning matches standard title and structure [outside the seeded sample],CONCERN,"the owner's assistant verified a title for this code, but standard_title_en still holds the OBDex wording (P0351 and P0352 add '(Cylinder N)'; P0325, P0327, P0328 lack 'or Single Sensor'; P0326 uses another sensor name than its siblings; P0505 says 'Idle Air Control')",Move the verified title into title_overrides.csv so standard_title_en and title_basis 'override' record it; P0325 to P0328 should share one pattern.
P0504,8 can_ride_to_workshop sensible and consistent [outside the seeded sample],CONCERN,"advice says 'if the brake light does not come on, get it fixed before riding' but the value is with_care and the reason says 'ride gently'; a bike with no brake light should not be ridden (outside the seeded sample)",Reason: 'ride only if the brake light works'.
P0505,1 meaning matches standard title and structure [outside the seeded sample],CONCERN,"the owner's assistant verified a title for this code, but standard_title_en still holds the OBDex wording (P0351 and P0352 add '(Cylinder N)'; P0325, P0327, P0328 lack 'or Single Sensor'; P0326 uses another sensor name than its siblings; P0505 says 'Idle Air Control')",Move the verified title into title_overrides.csv so standard_title_en and title_basis 'override' record it; P0325 to P0328 should share one pattern.
P0522,4 level correct under RUBRIC.md and stop_table [outside the seeded sample],CONCERN,"source says the code can mean genuinely low oil pressure, yet the only stop trigger is a warning lamp the bike may not have; review is false","Set needs_independent_review true and say 'if the engine is noisy, hot or the oil level is low, do not keep riding'."
