code,check,verdict,reason,suggested_fix
P0201,1 meaning matches standard title and structure,PASS,Meaning agrees with the standard title 'Injector Circuit Malfunction — Cylinder 1'.,
P0201,"2 causes plausible for a small bike, not car-only",PASS,"Causes are ordinary parts of a small EFI bike (sensor, wiring, connector or the named part); no car-only part. Hardware hedges present: (less common).",
P0201,"3 advice free of reversals, circular advice and rider danger",PASS,"Advice says pull over, switch off and not to keep riding; no circular or reversed trigger.",
P0201,4 level correct under the rubric,PASS,KEEP STOP. On the single-cylinder bikes that dominate India an injector circuit fault leaves the engine without fuel: it stops and will not restart.,
P0201,"5 no part, number or hardware the source does not support",PASS,"Parts named appear in the OBDex title, components or causes; no number, voltage or pin.",
P0201,6 shared failure wording and glossary used,PASS,No circuit failure type is named; glossary terms are used. No discouraged term found.,
P0201,7 understandable to a rider without a manual,PASS,Plain clause first; workshop words only as a phrase; understandable without a manual.,
P0201,8 can_ride_to_workshop value and reason sensible,CONCERN,Reason says 'a single-cylinder bike gets no fuel' but the code also occurs on twins (cylinder 1 only) and P0202 uses different words.,"Use 'that cylinder may get no fuel and the engine may stop; arrange transport' for P0200, P0201, P0261, P0262."
P0201,9 standard sentences used where required,PASS,STOP wording present,
P0201,10 Hindi-translatability,PASS,"Longest sentence 24 words (limit about 25); glossary terms; no idiom or ambiguous pronoun flagged (plain words such as 'rough', 'hesitate' and the glossary term 'pull over' accepted).",
P0351,1 meaning matches standard title and structure,PASS,"Meaning agrees with the standard title 'Ignition Coil ""A"" Primary/Secondary Circuit Malfunction (Cylinder 1)'.",
P0351,"2 causes plausible for a small bike, not car-only",PASS,"Causes are ordinary parts of a small EFI bike (sensor, wiring, connector or the named part); no car-only part. Hardware hedges present: (less common).",
P0351,"3 advice free of reversals, circular advice and rider danger",PASS,"Advice says pull over, switch off and not to keep riding; no circular or reversed trigger.",
P0351,4 level correct under the rubric,PASS,KEEP STOP. On a single the spark is gone: the engine stops and will not restart.,
P0351,"5 no part, number or hardware the source does not support",PASS,"Parts named appear in the OBDex title, components or causes; no number, voltage or pin.",
P0351,6 shared failure wording and glossary used,PASS,No circuit failure type is named; glossary terms are used. No discouraged term found.,
P0351,7 understandable to a rider without a manual,CONCERN,"Advice says 'run on one cylinder', meaningless to the owner of a single-cylinder bike, the main target group; P0351 applies to singles too.","Say 'misfire, lose power or stop'."
P0351,8 can_ride_to_workshop value and reason sensible,PASS,'no' is the D4 value for STOP; reason 'spark loss can stall the engine; arrange transport' fits the advice.,
P0351,9 standard sentences used where required,PASS,STOP wording present,
P0351,10 Hindi-translatability,CONCERN,'run on one cylinder' is an idiom with no clear Hindi equivalent and not in the glossary.,"Say 'misfire, lose power or stop'."
P0230,1 meaning matches standard title and structure,PASS,Meaning agrees with the standard title 'Fuel Pump Primary Circuit Malfunction'.,
P0230,"2 causes plausible for a small bike, not car-only",PASS,"Causes are ordinary parts of a small EFI bike (sensor, wiring, connector or the named part); no car-only part. Hardware hedges present: (if fitted).",
P0230,"3 advice free of reversals, circular advice and rider danger",PASS,"Advice says pull over, switch off and not to keep riding; no circular or reversed trigger.",
P0230,4 level correct under the rubric,PASS,"KEEP STOP. A pump that is off, shorted or dropping out stops the engine without warning.",
P0230,"5 no part, number or hardware the source does not support",PASS,"Parts named appear in the OBDex title, components or causes; no number, voltage or pin.",
P0230,6 shared failure wording and glossary used,PASS,No circuit failure type is named; glossary terms are used. No discouraged term found.,
P0230,7 understandable to a rider without a manual,PASS,Plain clause first; workshop words only as a phrase; understandable without a manual.,
P0230,8 can_ride_to_workshop value and reason sensible,PASS,'no' is the D4 value for STOP; reason 'pump loss can stop the engine without warning' fits the advice.,
P0230,9 standard sentences used where required,CONCERN,STOP advice uses a variant ending ('avoid repeated restart attempts') and drops 'have the bike taken to a workshop'. Glossary STOP-TAIL says it is used in every STOP entry; the pump group is a second fixed sentence nobody translates once.,"Use STOP-TAIL, and add the restart sentence to the glossary as its own fixed sentence (RESTART)."
P0230,10 Hindi-translatability,PASS,"Longest sentence 22 words (limit about 25); glossary terms; no idiom or ambiguous pronoun flagged (plain words such as 'rough', 'hesitate' and the glossary term 'pull over' accepted).",
P0335,1 meaning matches standard title and structure,PASS,"Meaning agrees with the standard title 'Crankshaft Position Sensor ""A"" Circuit Malfunction'.",
P0335,"2 causes plausible for a small bike, not car-only",PASS,"Causes are ordinary parts of a small EFI bike (sensor, wiring, connector or the named part); no car-only part.",
P0335,"3 advice free of reversals, circular advice and rider danger",PASS,"Advice says pull over, switch off and not to keep riding; no circular or reversed trigger.",
P0335,4 level correct under the rubric,PASS,KEEP STOP. Without the crankshaft signal the ECU cannot time spark or fuel; the engine stops and may not restart.,
P0335,"5 no part, number or hardware the source does not support",PASS,"Parts named appear in the OBDex title, components or causes; no number, voltage or pin.",
P0335,6 shared failure wording and glossary used,PASS,No circuit failure type is named; glossary terms are used. No discouraged term found.,
P0335,7 understandable to a rider without a manual,PASS,Plain clause first; workshop words only as a phrase; understandable without a manual.,
P0335,8 can_ride_to_workshop value and reason sensible,PASS,'no' is the D4 value for STOP; reason 'engine may stall or not start; arrange transport' fits the advice.,
P0335,9 standard sentences used where required,PASS,STOP wording present,
P0335,10 Hindi-translatability,CONCERN,"'stall, cut out or refuse to start': three near-synonyms, 'refuse' personifies the engine; meaning is 26 words.",'The engine may stop or not start.'
P0202,1 meaning matches standard title and structure,PASS,Meaning agrees with the standard title 'Injector Circuit Malfunction — Cylinder 2'.,
P0202,"2 causes plausible for a small bike, not car-only",PASS,"Causes are ordinary parts of a small EFI bike (sensor, wiring, connector or the named part); no car-only part.",
P0202,"3 advice free of reversals, circular advice and rider danger",PASS,"Advice says pull over, switch off and not to keep riding; no circular or reversed trigger.",
P0202,4 level correct under the rubric,CONCERN,DOWNGRADE to SERVICE_SOON. Cylinder 2 exists only on twins; the engine keeps running on cylinder 1 with less power and vibration. Sibling misfire P0302 (same effect from a dead coil) is SERVICE_SOON; STOP here is inconsistent. Confidence medium.,"SERVICE_SOON, can_ride with_care, advice 'ride gently and keep the trip short; stop if it runs very rough, backfires or loses power badly'. Needs a new tag (injector_cyl2, coil_cyl2) in the validator mapping."
P0202,"5 no part, number or hardware the source does not support",PASS,"Parts named appear in the OBDex title, components or causes; no number, voltage or pin.",
P0202,6 shared failure wording and glossary used,PASS,No circuit failure type is named; glossary terms are used. No discouraged term found.,
P0202,7 understandable to a rider without a manual,PASS,Plain clause first; workshop words only as a phrase; understandable without a manual.,
P0202,8 can_ride_to_workshop value and reason sensible,CONCERN,"'no' follows the STOP level; if the level is downgraded the value should be with_care ('runs on one cylinder; ride gently, short trip').",with_care with a reason that names reduced power and vibration.
P0202,9 standard sentences used where required,PASS,STOP wording present,
P0202,10 Hindi-translatability,PASS,"Longest sentence 24 words (limit about 25); glossary terms; no idiom or ambiguous pronoun flagged (plain words such as 'rough', 'hesitate' and the glossary term 'pull over' accepted).",
P0352,1 meaning matches standard title and structure,PASS,"Meaning agrees with the standard title 'Ignition Coil ""B"" Primary/Secondary Circuit Malfunction (Cylinder 2)'.",
P0352,"2 causes plausible for a small bike, not car-only",PASS,"Causes are ordinary parts of a small EFI bike (sensor, wiring, connector or the named part); no car-only part.",
P0352,"3 advice free of reversals, circular advice and rider danger",PASS,"Advice says pull over, switch off and not to keep riding; no circular or reversed trigger.",
P0352,4 level correct under the rubric,CONCERN,DOWNGRADE to SERVICE_SOON. Cylinder 2 exists only on twins; the engine keeps running on cylinder 1 with less power and vibration. Sibling misfire P0302 (same effect from a dead coil) is SERVICE_SOON; STOP here is inconsistent. Confidence medium.,"SERVICE_SOON, can_ride with_care, advice 'ride gently and keep the trip short; stop if it runs very rough, backfires or loses power badly'. Needs a new tag (injector_cyl2, coil_cyl2) in the validator mapping."
P0352,"5 no part, number or hardware the source does not support",PASS,"Parts named appear in the OBDex title, components or causes; no number, voltage or pin.",
P0352,6 shared failure wording and glossary used,PASS,No circuit failure type is named; glossary terms are used. No discouraged term found.,
P0352,7 understandable to a rider without a manual,PASS,Plain clause first; workshop words only as a phrase; understandable without a manual.,
P0352,8 can_ride_to_workshop value and reason sensible,CONCERN,"'no' follows the STOP level; if the level is downgraded the value should be with_care ('runs on one cylinder; ride gently, short trip').",with_care with a reason that names reduced power and vibration.
P0352,9 standard sentences used where required,PASS,STOP wording present,
P0352,10 Hindi-translatability,PASS,"Longest sentence 24 words (limit about 25); glossary terms; no idiom or ambiguous pronoun flagged (plain words such as 'rough', 'hesitate' and the glossary term 'pull over' accepted).",
P0217,1 meaning matches standard title and structure,PASS,Meaning agrees with the standard title 'Engine Coolant Over Temperature Condition'.,
P0217,"2 causes plausible for a small bike, not car-only",CONCERN,"Two of three causes are liquid-cooled only. Most Indian bikes are air-cooled and the ECU reading is head or oil heat; the likely air-cooled causes (low engine oil, lean mixture, long idling in heat) are missing because the source does not list them.",Add 'low engine oil level' and 'lean mixture' as causes or technician hints; add a hedge to 'radiator cap' in the advice.
P0217,"3 advice free of reversals, circular advice and rider danger",PASS,"Advice says pull over, switch off and not to keep riding; no circular or reversed trigger.",
P0217,4 level correct under the rubric,PASS,"KEEP STOP. An active over-temperature can seize the engine within minutes and the advice is the only correct one. The rubric text does not list overheating, so STOP rests on 'engine damage', which the rubric puts under SERVICE_SOON.","Add to the rubric: 'STOP also covers an active condition that destroys the engine within minutes (overheating, no oil pressure)'."
P0217,"5 no part, number or hardware the source does not support",PASS,"Parts named appear in the OBDex title, components or causes; no number, voltage or pin.",
P0217,6 shared failure wording and glossary used,PASS,No circuit failure type is named; glossary terms are used. No discouraged term found.,
P0217,7 understandable to a rider without a manual,CONCERN,'Do not open a hot radiator cap' assumes a radiator; air-cooled riders will not understand it.,"'If your bike has a radiator, do not open the cap while hot.'"
P0217,8 can_ride_to_workshop value and reason sensible,PASS,'no' is the D4 value for STOP; reason 'overheating can wreck the engine; arrange transport' fits the advice.,
P0217,9 standard sentences used where required,CONCERN,STOP sentence deviates from STOP-TAIL ('let the engine cool'). The content is right but it is a third STOP variant.,Add OVERHEAT as a second fixed sentence in the glossary.
P0217,10 Hindi-translatability,PASS,"Longest sentence 14 words (limit about 25); glossary terms; no idiom or ambiguous pronoun flagged (plain words such as 'rough', 'hesitate' and the glossary term 'pull over' accepted).",
P0200,1 meaning matches standard title and structure,PASS,Meaning agrees with the standard title 'Injector Circuit/Open'.,
P0200,"2 causes plausible for a small bike, not car-only",PASS,"Causes are ordinary parts of a small EFI bike (sensor, wiring, connector or the named part); no car-only part. Hardware hedges present: (less common).",
P0200,"3 advice free of reversals, circular advice and rider danger",PASS,"Advice says pull over, switch off and not to keep riding; no circular or reversed trigger.",
P0200,4 level correct under the rubric,PASS,KEEP STOP. On the single-cylinder bikes that dominate India an injector circuit fault leaves the engine without fuel: it stops and will not restart.,
P0200,"5 no part, number or hardware the source does not support",PASS,"Parts named appear in the OBDex title, components or causes; no number, voltage or pin.",
P0200,6 shared failure wording and glossary used,PASS,Title uses the shared phrase 'open circuit'. No discouraged term found.,
P0200,7 understandable to a rider without a manual,PASS,Plain clause first; workshop words only as a phrase; understandable without a manual.,
P0200,8 can_ride_to_workshop value and reason sensible,PASS,'no' is the D4 value for STOP; reason 'a cylinder may get no fuel; arrange transport' fits the advice.,
P0200,9 standard sentences used where required,PASS,STOP wording present,
P0200,10 Hindi-translatability,PASS,"Longest sentence 25 words (limit about 25); glossary terms; no idiom or ambiguous pronoun flagged (plain words such as 'rough', 'hesitate' and the glossary term 'pull over' accepted).",
P0261,1 meaning matches standard title and structure,PASS,Meaning agrees with the standard title 'Cylinder 1 Injector Circuit Low'; low direction is right.,
P0261,"2 causes plausible for a small bike, not car-only",PASS,"Causes are ordinary parts of a small EFI bike (sensor, wiring, connector or the named part); no car-only part.",
P0261,"3 advice free of reversals, circular advice and rider danger",PASS,"Advice says pull over, switch off and not to keep riding; no circular or reversed trigger.",
P0261,4 level correct under the rubric,PASS,KEEP STOP. On the single-cylinder bikes that dominate India an injector circuit fault leaves the engine without fuel: it stops and will not restart.,
P0261,"5 no part, number or hardware the source does not support",PASS,"Parts named appear in the OBDex title, components or causes; no number, voltage or pin.",
P0261,6 shared failure wording and glossary used,PASS,Title uses the shared phrase 'voltage below threshold'. No discouraged term found.,
P0261,7 understandable to a rider without a manual,PASS,Plain clause first; workshop words only as a phrase; understandable without a manual.,
P0261,8 can_ride_to_workshop value and reason sensible,PASS,'no' is the D4 value for STOP; reason 'cylinder may get no fuel; arrange transport' fits the advice.,
P0261,9 standard sentences used where required,PASS,STOP wording present,
P0261,10 Hindi-translatability,PASS,"Longest sentence 24 words (limit about 25); glossary terms; no idiom or ambiguous pronoun flagged (plain words such as 'rough', 'hesitate' and the glossary term 'pull over' accepted).",
P0262,1 meaning matches standard title and structure,PASS,Meaning agrees with the standard title 'Cylinder 1 Injector Circuit High'; high direction is right.,
P0262,"2 causes plausible for a small bike, not car-only",PASS,"Causes are ordinary parts of a small EFI bike (sensor, wiring, connector or the named part); no car-only part.",
P0262,"3 advice free of reversals, circular advice and rider danger",PASS,"Advice says pull over, switch off and not to keep riding; no circular or reversed trigger.",
P0262,4 level correct under the rubric,PASS,KEEP STOP. On the single-cylinder bikes that dominate India an injector circuit fault leaves the engine without fuel: it stops and will not restart.,
P0262,"5 no part, number or hardware the source does not support",PASS,"Parts named appear in the OBDex title, components or causes; no number, voltage or pin.",
P0262,6 shared failure wording and glossary used,PASS,Title uses the shared phrase 'voltage above threshold'. No discouraged term found.,
P0262,7 understandable to a rider without a manual,PASS,Plain clause first; workshop words only as a phrase; understandable without a manual.,
P0262,8 can_ride_to_workshop value and reason sensible,PASS,'no' is the D4 value for STOP; reason 'cylinder may get no fuel; arrange transport' fits the advice.,
P0262,9 standard sentences used where required,PASS,STOP wording present,
P0262,10 Hindi-translatability,PASS,"Longest sentence 24 words (limit about 25); glossary terms; no idiom or ambiguous pronoun flagged (plain words such as 'rough', 'hesitate' and the glossary term 'pull over' accepted).",
P0264,1 meaning matches standard title and structure,PASS,Meaning agrees with the standard title 'Cylinder 2 Injector Circuit Low'; low direction is right.,
P0264,"2 causes plausible for a small bike, not car-only",PASS,"Causes are ordinary parts of a small EFI bike (sensor, wiring, connector or the named part); no car-only part.",
P0264,"3 advice free of reversals, circular advice and rider danger",PASS,"Advice says pull over, switch off and not to keep riding; no circular or reversed trigger.",
P0264,4 level correct under the rubric,CONCERN,DOWNGRADE to SERVICE_SOON. Cylinder 2 exists only on twins; the engine keeps running on cylinder 1 with less power and vibration. Sibling misfire P0302 (same effect from a dead coil) is SERVICE_SOON; STOP here is inconsistent. Confidence medium.,"SERVICE_SOON, can_ride with_care, advice 'ride gently and keep the trip short; stop if it runs very rough, backfires or loses power badly'. Needs a new tag (injector_cyl2, coil_cyl2) in the validator mapping."
P0264,"5 no part, number or hardware the source does not support",PASS,"Parts named appear in the OBDex title, components or causes; no number, voltage or pin.",
P0264,6 shared failure wording and glossary used,PASS,Title uses the shared phrase 'voltage below threshold'. No discouraged term found.,
P0264,7 understandable to a rider without a manual,PASS,Plain clause first; workshop words only as a phrase; understandable without a manual.,
P0264,8 can_ride_to_workshop value and reason sensible,CONCERN,"'no' follows the STOP level; if the level is downgraded the value should be with_care ('runs on one cylinder; ride gently, short trip').",with_care with a reason that names reduced power and vibration.
P0264,9 standard sentences used where required,PASS,STOP wording present,
P0264,10 Hindi-translatability,PASS,"Longest sentence 24 words (limit about 25); glossary terms; no idiom or ambiguous pronoun flagged (plain words such as 'rough', 'hesitate' and the glossary term 'pull over' accepted).",
P0265,1 meaning matches standard title and structure,PASS,Meaning agrees with the standard title 'Cylinder 2 Injector Circuit High'; high direction is right.,
P0265,"2 causes plausible for a small bike, not car-only",PASS,"Causes are ordinary parts of a small EFI bike (sensor, wiring, connector or the named part); no car-only part.",
P0265,"3 advice free of reversals, circular advice and rider danger",PASS,"Advice says pull over, switch off and not to keep riding; no circular or reversed trigger.",
P0265,4 level correct under the rubric,CONCERN,DOWNGRADE to SERVICE_SOON. Cylinder 2 exists only on twins; the engine keeps running on cylinder 1 with less power and vibration. Sibling misfire P0302 (same effect from a dead coil) is SERVICE_SOON; STOP here is inconsistent. Confidence medium.,"SERVICE_SOON, can_ride with_care, advice 'ride gently and keep the trip short; stop if it runs very rough, backfires or loses power badly'. Needs a new tag (injector_cyl2, coil_cyl2) in the validator mapping."
P0265,"5 no part, number or hardware the source does not support",PASS,"Parts named appear in the OBDex title, components or causes; no number, voltage or pin.",
P0265,6 shared failure wording and glossary used,PASS,Title uses the shared phrase 'voltage above threshold'. No discouraged term found.,
P0265,7 understandable to a rider without a manual,PASS,Plain clause first; workshop words only as a phrase; understandable without a manual.,
P0265,8 can_ride_to_workshop value and reason sensible,CONCERN,"'no' follows the STOP level; if the level is downgraded the value should be with_care ('runs on one cylinder; ride gently, short trip').",with_care with a reason that names reduced power and vibration.
P0265,9 standard sentences used where required,PASS,STOP wording present,
P0265,10 Hindi-translatability,PASS,"Longest sentence 24 words (limit about 25); glossary terms; no idiom or ambiguous pronoun flagged (plain words such as 'rough', 'hesitate' and the glossary term 'pull over' accepted).",
P0231,1 meaning matches standard title and structure,CONCERN,"Entry defines 'secondary circuit' as the pump 'power circuit'. The OBDex text says only 'secondary side of the fuel pump circuit' and gives a worn pump motor and corroded ground as causes, which fits a pump power or monitor circuit but is not stated. Confidence of the entry should be low, it is medium.",Say 'pump circuit' in the meaning; set confidence low.
P0231,"2 causes plausible for a small bike, not car-only",PASS,"Causes are ordinary parts of a small EFI bike (sensor, wiring, connector or the named part); no car-only part.",
P0231,"3 advice free of reversals, circular advice and rider danger",PASS,"Advice says pull over, switch off and not to keep riding; no circular or reversed trigger.",
P0231,4 level correct under the rubric,PASS,"KEEP STOP. A pump that is off, shorted or dropping out stops the engine without warning.",
P0231,"5 no part, number or hardware the source does not support",PASS,"Parts named appear in the OBDex title, components or causes; no number, voltage or pin.",
P0231,6 shared failure wording and glossary used,PASS,Title uses the shared phrase 'voltage below threshold'. No discouraged term found.,
P0231,7 understandable to a rider without a manual,CONCERN,'secondary circuit' in the title is workshop language for a rider; the meaning explains it as the pump power circuit.,Rider title 'Fuel pump power circuit: ...' (keep the standard title in standard_title_en).
P0231,8 can_ride_to_workshop value and reason sensible,PASS,'no' is the D4 value for STOP; reason 'pump loss can stop the engine without warning' fits the advice.,
P0231,9 standard sentences used where required,CONCERN,STOP advice uses a variant ending ('avoid repeated restart attempts') and drops 'have the bike taken to a workshop'. Glossary STOP-TAIL says it is used in every STOP entry; the pump group is a second fixed sentence nobody translates once.,"Use STOP-TAIL, and add the restart sentence to the glossary as its own fixed sentence (RESTART)."
P0231,10 Hindi-translatability,PASS,"Longest sentence 20 words (limit about 25); glossary terms; no idiom or ambiguous pronoun flagged (plain words such as 'rough', 'hesitate' and the glossary term 'pull over' accepted).",
P0232,1 meaning matches standard title and structure,CONCERN,Meaning says 'often from a short to battery supply or an open circuit' and the first cause is an open circuit. The OBDex description says the opposite effect: a stuck relay or short to supply that keeps the pump powered when it should be off. An open circuit would not read high.,Drop 'open circuit' from meaning and causes unless a mechanic confirms; say 'pump may stay powered'.
P0232,"2 causes plausible for a small bike, not car-only",PASS,"Causes are ordinary parts of a small EFI bike (sensor, wiring, connector or the named part); no car-only part. Hardware hedges present: (if fitted).",
P0232,"3 advice free of reversals, circular advice and rider danger",PASS,"Advice says pull over, switch off and not to keep riding; no circular or reversed trigger.",
P0232,4 level correct under the rubric,CONCERN,"KEEP STOP for now, but the entry says the engine may stop while the source says the pump stays powered (no stall; battery drain). Same asymmetric-cost reasoning as P0629. Confidence low.","Mechanic to confirm; if the pump stays on, SERVICE_SOON."
P0232,"5 no part, number or hardware the source does not support",PASS,"Parts named appear in the OBDex title, components or causes; no number, voltage or pin.",
P0232,6 shared failure wording and glossary used,PASS,Title uses the shared phrase 'voltage above threshold'. No discouraged term found.,
P0232,7 understandable to a rider without a manual,CONCERN,'secondary circuit' in the title is workshop language for a rider; the meaning explains it as the pump power circuit.,Rider title 'Fuel pump power circuit: ...' (keep the standard title in standard_title_en).
P0232,8 can_ride_to_workshop value and reason sensible,PASS,'no' is the D4 value for STOP; reason 'pump loss can stop the engine without warning' fits the advice.,
P0232,9 standard sentences used where required,CONCERN,STOP advice uses a variant ending ('avoid repeated restart attempts') and drops 'have the bike taken to a workshop'. Glossary STOP-TAIL says it is used in every STOP entry; the pump group is a second fixed sentence nobody translates once.,"Use STOP-TAIL, and add the restart sentence to the glossary as its own fixed sentence (RESTART)."
P0232,10 Hindi-translatability,PASS,"Longest sentence 24 words (limit about 25); glossary terms; no idiom or ambiguous pronoun flagged (plain words such as 'rough', 'hesitate' and the glossary term 'pull over' accepted).",
P0233,1 meaning matches standard title and structure,CONCERN,"Source describes the secondary circuit as 'transfer/lift pump or low-pressure stage'. Small bikes have one in-tank pump; the entry treats it as the main pump (STOP, 'engine may cut out'). Confidence should be low, it is medium.",Set confidence low; mechanic to say whether any small bike has a second pump.
P0233,"2 causes plausible for a small bike, not car-only",PASS,"Causes are ordinary parts of a small EFI bike (sensor, wiring, connector or the named part); no car-only part.",
P0233,"3 advice free of reversals, circular advice and rider danger",PASS,"Advice says pull over, switch off and not to keep riding; no circular or reversed trigger.",
P0233,4 level correct under the rubric,PASS,"KEEP STOP. If the circuit feeds the only pump, a drop-out stops the engine without warning; source ambiguity noted under check 1.",
P0233,"5 no part, number or hardware the source does not support",PASS,"Parts named appear in the OBDex title, components or causes; no number, voltage or pin.",
P0233,6 shared failure wording and glossary used,PASS,No circuit failure type is named; glossary terms are used. No discouraged term found.,
P0233,7 understandable to a rider without a manual,CONCERN,'secondary circuit' in the title is workshop language for a rider; the meaning explains it as the pump power circuit.,Rider title 'Fuel pump power circuit: ...' (keep the standard title in standard_title_en).
P0233,8 can_ride_to_workshop value and reason sensible,PASS,'no' is the D4 value for STOP; reason 'pump may drop out at any time; arrange transport' fits the advice.,
P0233,9 standard sentences used where required,PASS,STOP wording present,
P0233,10 Hindi-translatability,CONCERN,'cut out' and 'drops out' are phrasal verbs that translate literally and lose the safety meaning (sudden engine stop).,'The engine may stop suddenly without warning.' and 'the power circuit loses contact at times'.
P0627,1 meaning matches standard title and structure,PASS,"Meaning agrees with the standard title 'Fuel Pump ""A"" Control Circuit Open'.",
P0627,"2 causes plausible for a small bike, not car-only",PASS,"Causes are ordinary parts of a small EFI bike (sensor, wiring, connector or the named part); no car-only part. Hardware hedges present: (if fitted), (less common).",
P0627,"3 advice free of reversals, circular advice and rider danger",PASS,"Advice says pull over, switch off and not to keep riding; no circular or reversed trigger.",
P0627,4 level correct under the rubric,PASS,"KEEP STOP. A pump that is off, shorted or dropping out stops the engine without warning.",
P0627,"5 no part, number or hardware the source does not support",PASS,"Parts named appear in the OBDex title, components or causes; no number, voltage or pin.",
P0627,6 shared failure wording and glossary used,PASS,Title uses the shared phrase 'open circuit'. No discouraged term found.,
P0627,7 understandable to a rider without a manual,PASS,Plain clause first; workshop words only as a phrase; understandable without a manual.,
P0627,8 can_ride_to_workshop value and reason sensible,PASS,"'no' is the D4 value for STOP; reason 'no pump, no fuel; arrange transport' fits the advice.",
P0627,9 standard sentences used where required,CONCERN,STOP advice uses a variant ending ('avoid repeated restart attempts') and drops 'have the bike taken to a workshop'. Glossary STOP-TAIL says it is used in every STOP entry; the pump group is a second fixed sentence nobody translates once.,"Use STOP-TAIL, and add the restart sentence to the glossary as its own fixed sentence (RESTART)."
P0627,10 Hindi-translatability,PASS,"Longest sentence 22 words (limit about 25); glossary terms; no idiom or ambiguous pronoun flagged (plain words such as 'rough', 'hesitate' and the glossary term 'pull over' accepted).",
P0628,1 meaning matches standard title and structure,PASS,Meaning agrees with the standard title 'Fuel Pump A Control Circuit Low'; low direction is right.,
P0628,"2 causes plausible for a small bike, not car-only",PASS,"Causes are ordinary parts of a small EFI bike (sensor, wiring, connector or the named part); no car-only part. Hardware hedges present: (if fitted).",
P0628,"3 advice free of reversals, circular advice and rider danger",PASS,"Advice says pull over, switch off and not to keep riding; no circular or reversed trigger.",
P0628,4 level correct under the rubric,PASS,"KEEP STOP. A pump that is off, shorted or dropping out stops the engine without warning.",
P0628,"5 no part, number or hardware the source does not support",PASS,"Parts named appear in the OBDex title, components or causes; no number, voltage or pin.",
P0628,6 shared failure wording and glossary used,PASS,Title uses the shared phrase 'voltage below threshold'. No discouraged term found.,
P0628,7 understandable to a rider without a manual,PASS,Plain clause first; workshop words only as a phrase; understandable without a manual.,
P0628,8 can_ride_to_workshop value and reason sensible,PASS,'no' is the D4 value for STOP; reason 'pump may not run; arrange transport' fits the advice.,
P0628,9 standard sentences used where required,CONCERN,STOP advice uses a variant ending ('avoid repeated restart attempts') and drops 'have the bike taken to a workshop'. Glossary STOP-TAIL says it is used in every STOP entry; the pump group is a second fixed sentence nobody translates once.,"Use STOP-TAIL, and add the restart sentence to the glossary as its own fixed sentence (RESTART)."
P0628,10 Hindi-translatability,PASS,"Longest sentence 22 words (limit about 25); glossary terms; no idiom or ambiguous pronoun flagged (plain words such as 'rough', 'hesitate' and the glossary term 'pull over' accepted).",
P0629,1 meaning matches standard title and structure,PASS,Meaning agrees with the standard title 'Fuel Pump A Control Circuit High'; high direction is right.,
P0629,"2 causes plausible for a small bike, not car-only",PASS,"Causes are ordinary parts of a small EFI bike (sensor, wiring, connector or the named part); no car-only part. Hardware hedges present: (if fitted).",
P0629,"3 advice free of reversals, circular advice and rider danger",PASS,"Advice says pull over, switch off and not to keep riding; no circular or reversed trigger.",
P0629,4 level correct under the rubric,CONCERN,"KEEP STOP for now, but entry and source disagree. A control line shorted high more often leaves the pump running (no stall) than off; the source says 'open circuit or short to supply'. Cost of error is asymmetric (a wrong STOP costs a workshop visit; a wrong downgrade leaves a pump failure unwarned), so hold at STOP until a mechanic confirms. Confidence low.","Mechanic to confirm; if the pump stays on, SERVICE_SOON with the BATTERY-drain wording."
P0629,"5 no part, number or hardware the source does not support",PASS,"Parts named appear in the OBDex title, components or causes; no number, voltage or pin.",
P0629,6 shared failure wording and glossary used,PASS,Title uses the shared phrase 'voltage above threshold'. No discouraged term found.,
P0629,7 understandable to a rider without a manual,PASS,Plain clause first; workshop words only as a phrase; understandable without a manual.,
P0629,8 can_ride_to_workshop value and reason sensible,PASS,'no' follows STOP; consistent with advice (arrange transport). Revisit with P0629 level.,
P0629,9 standard sentences used where required,PASS,STOP wording present,
P0629,10 Hindi-translatability,CONCERN,'the engine may cut out' (phrasal verb) loses the safety meaning in translation.,'the engine may stop suddenly'.
P0336,1 meaning matches standard title and structure,PASS,"Meaning agrees with the standard title 'Crankshaft Position Sensor ""A"" Circuit Range/Performance'.",
P0336,"2 causes plausible for a small bike, not car-only",PASS,"Causes are ordinary parts of a small EFI bike (sensor, wiring, connector or the named part); no car-only part.",
P0336,"3 advice free of reversals, circular advice and rider danger",PASS,"Advice says pull over, switch off and not to keep riding; no circular or reversed trigger.",
P0336,4 level correct under the rubric,PASS,"KEEP STOP, borderline. A range or performance fault usually lets the engine run, but crank signal loss is the one fault that ends the ride with no warning and the hot-soak no-start is typical. Confidence low-medium; I would not argue with SERVICE_SOON plus the STALL sentence.",
P0336,"5 no part, number or hardware the source does not support",PASS,"Parts named appear in the OBDex title, components or causes; no number, voltage or pin.",
P0336,6 shared failure wording and glossary used,PASS,Title uses the shared phrase 'performance or incorrect operation'. No discouraged term found.,
P0336,7 understandable to a rider without a manual,PASS,Plain clause first; workshop words only as a phrase; understandable without a manual.,
P0336,8 can_ride_to_workshop value and reason sensible,PASS,'no' is the D4 value for STOP; reason 'engine may stall or not start; arrange transport' fits the advice.,
P0336,9 standard sentences used where required,PASS,STOP wording present,
P0336,10 Hindi-translatability,CONCERN,'refuse to start' personifies the engine and translates badly.,'may not start'.
P0337,1 meaning matches standard title and structure,PASS,"Meaning agrees with the standard title 'Crankshaft Position Sensor ""A"" Circuit Low Input'; low direction is right.",
P0337,"2 causes plausible for a small bike, not car-only",PASS,"Causes are ordinary parts of a small EFI bike (sensor, wiring, connector or the named part); no car-only part.",
P0337,"3 advice free of reversals, circular advice and rider danger",PASS,"Advice says pull over, switch off and not to keep riding; no circular or reversed trigger.",
P0337,4 level correct under the rubric,PASS,KEEP STOP. Without the crankshaft signal the ECU cannot time spark or fuel; the engine stops and may not restart.,
P0337,"5 no part, number or hardware the source does not support",PASS,"Parts named appear in the OBDex title, components or causes; no number, voltage or pin.",
P0337,6 shared failure wording and glossary used,PASS,Title uses the shared phrase 'voltage below threshold'. No discouraged term found.,
P0337,7 understandable to a rider without a manual,PASS,Plain clause first; workshop words only as a phrase; understandable without a manual.,
P0337,8 can_ride_to_workshop value and reason sensible,PASS,'no' is the D4 value for STOP; reason 'engine may stall or not start; arrange transport' fits the advice.,
P0337,9 standard sentences used where required,PASS,STOP wording present,
P0337,10 Hindi-translatability,CONCERN,'refuse to start' personifies the engine and translates badly.,'may not start'.
P0338,1 meaning matches standard title and structure,PASS,"Meaning agrees with the standard title 'Crankshaft Position Sensor ""A"" Circuit High Input'; high direction is right.",
P0338,"2 causes plausible for a small bike, not car-only",PASS,"Causes are ordinary parts of a small EFI bike (sensor, wiring, connector or the named part); no car-only part.",
P0338,"3 advice free of reversals, circular advice and rider danger",PASS,"Advice says pull over, switch off and not to keep riding; no circular or reversed trigger.",
P0338,4 level correct under the rubric,PASS,KEEP STOP. Without the crankshaft signal the ECU cannot time spark or fuel; the engine stops and may not restart.,
P0338,"5 no part, number or hardware the source does not support",PASS,"Parts named appear in the OBDex title, components or causes; no number, voltage or pin.",
P0338,6 shared failure wording and glossary used,PASS,Title uses the shared phrase 'voltage above threshold'. No discouraged term found.,
P0338,7 understandable to a rider without a manual,PASS,Plain clause first; workshop words only as a phrase; understandable without a manual.,
P0338,8 can_ride_to_workshop value and reason sensible,PASS,'no' is the D4 value for STOP; reason 'engine may stall or not start; arrange transport' fits the advice.,
P0338,9 standard sentences used where required,PASS,STOP wording present,
P0338,10 Hindi-translatability,CONCERN,'refuse to start' personifies the engine and translates badly.,'may not start'.
P0339,1 meaning matches standard title and structure,PASS,Meaning agrees with the standard title 'Crankshaft Position Sensor A Circuit Intermittent'.,
P0339,"2 causes plausible for a small bike, not car-only",PASS,"Causes are ordinary parts of a small EFI bike (sensor, wiring, connector or the named part); no car-only part.",
P0339,"3 advice free of reversals, circular advice and rider danger",PASS,"Advice says pull over, switch off and not to keep riding; no circular or reversed trigger.",
P0339,4 level correct under the rubric,PASS,KEEP STOP. Without the crankshaft signal the ECU cannot time spark or fuel; the engine stops and may not restart.,
P0339,"5 no part, number or hardware the source does not support",PASS,"Parts named appear in the OBDex title, components or causes; no number, voltage or pin.",
P0339,6 shared failure wording and glossary used,PASS,No circuit failure type is named; glossary terms are used. No discouraged term found.,
P0339,7 understandable to a rider without a manual,PASS,Plain clause first; workshop words only as a phrase; understandable without a manual.,
P0339,8 can_ride_to_workshop value and reason sensible,PASS,'no' is the D4 value for STOP; reason 'engine may cut out at any time; arrange transport' fits the advice.,
P0339,9 standard sentences used where required,PASS,STOP wording present,
P0339,10 Hindi-translatability,CONCERN,'cut out' and 'drops out' as P0233.,'The engine may stop suddenly without warning.'
P0350,1 meaning matches standard title and structure,PASS,Meaning agrees with the standard title 'Ignition Coil Primary/Secondary Circuit/Open'.,
P0350,"2 causes plausible for a small bike, not car-only",PASS,"Causes are ordinary parts of a small EFI bike (sensor, wiring, connector or the named part); no car-only part. Hardware hedges present: (less common).",
P0350,"3 advice free of reversals, circular advice and rider danger",PASS,"Advice says pull over, switch off and not to keep riding; no circular or reversed trigger.",
P0350,4 level correct under the rubric,PASS,KEEP STOP. On a single the spark is gone: the engine stops and will not restart.,
P0350,"5 no part, number or hardware the source does not support",PASS,"Parts named appear in the OBDex title, components or causes; no number, voltage or pin.",
P0350,6 shared failure wording and glossary used,CONCERN,Standard title ends 'Circuit/Open' but title says only 'circuit fault' while sibling P0200 ('Circuit/Open') uses 'open circuit'.,Title 'Ignition coil: open circuit' or keep generic and make P0200 generic too; one rule for both.
P0350,7 understandable to a rider without a manual,CONCERN,Same 'run on one cylinder' problem; code has no cylinder number so it applies to singles.,"Say 'misfire, lose power or stop'."
P0350,8 can_ride_to_workshop value and reason sensible,PASS,'no' is the D4 value for STOP; reason 'spark loss can stall the engine; arrange transport' fits the advice.,
P0350,9 standard sentences used where required,PASS,STOP wording present,
P0350,10 Hindi-translatability,CONCERN,'run on one cylinder' will translate badly.,As P0351.
P0685,1 meaning matches standard title and structure,PASS,Meaning agrees with the standard title 'ECM or PCM Power Relay Control Circuit Open'.,
P0685,"2 causes plausible for a small bike, not car-only",PASS,"Causes are ordinary parts of a small EFI bike (sensor, wiring, connector or the named part); no car-only part. Hardware hedges present: (if fitted), (less common).",
P0685,"3 advice free of reversals, circular advice and rider danger",PASS,"Advice says pull over, switch off and not to keep riding; no circular or reversed trigger.",
P0685,4 level correct under the rubric,CONCERN,"KEEP STOP, borderline. The source says the effect is on shutdown or at the next start (ECU 'fail to wake up'), not a mid-ride stall; an intermittent open on a rare relay could still cut the ECU's power suddenly. Hedged '(if fitted)', so few bikes will show it. Confidence low.",Keep; consider the TWO-CASE pattern if a mechanic says relay faults only show at start.
P0685,"5 no part, number or hardware the source does not support",PASS,"Parts named appear in the OBDex title, components or causes; no number, voltage or pin.",
P0685,6 shared failure wording and glossary used,PASS,Title uses the shared phrase 'open circuit'. No discouraged term found.,
P0685,7 understandable to a rider without a manual,PASS,Plain clause first; workshop words only as a phrase; understandable without a manual.,
P0685,8 can_ride_to_workshop value and reason sensible,PASS,'no' is the D4 value for STOP; reason 'ECU may lose power at any time; arrange transport' fits the advice.,
P0685,9 standard sentences used where required,PASS,STOP wording present,
P0685,10 Hindi-translatability,PASS,"Longest sentence 24 words (limit about 25); glossary terms; no idiom or ambiguous pronoun flagged (plain words such as 'rough', 'hesitate' and the glossary term 'pull over' accepted).",
P0686,1 meaning matches standard title and structure,PASS,Meaning agrees with the standard title 'ECM/PCM Power Relay Control Circuit Low'; low direction is right.,
P0686,"2 causes plausible for a small bike, not car-only",PASS,"Causes are ordinary parts of a small EFI bike (sensor, wiring, connector or the named part); no car-only part. Hardware hedges present: (if fitted).",
P0686,"3 advice free of reversals, circular advice and rider danger",PASS,"Advice says pull over, switch off and not to keep riding; no circular or reversed trigger.",
P0686,4 level correct under the rubric,CONCERN,"KEEP STOP, borderline: same reasoning as P0685; the source text (written for the wrong 'open' title) talks about the keep-alive supply, not stalling. Confidence low.",As P0685.
P0686,"5 no part, number or hardware the source does not support",PASS,"Parts named appear in the OBDex title, components or causes; no number, voltage or pin.",
P0686,6 shared failure wording and glossary used,PASS,Title uses the shared phrase 'voltage below threshold'. No discouraged term found.,
P0686,7 understandable to a rider without a manual,PASS,Plain clause first; workshop words only as a phrase; understandable without a manual.,
P0686,8 can_ride_to_workshop value and reason sensible,PASS,'no' is the D4 value for STOP; reason 'ECU may lose power at any time; arrange transport' fits the advice.,
P0686,9 standard sentences used where required,PASS,STOP wording present,
P0686,10 Hindi-translatability,PASS,"Longest sentence 24 words (limit about 25); glossary terms; no idiom or ambiguous pronoun flagged (plain words such as 'rough', 'hesitate' and the glossary term 'pull over' accepted).",
P0604,1 meaning matches standard title and structure,PASS,Meaning agrees with the standard title 'Internal Control Module Random Access Memory (RAM) Error'.,
P0604,"2 causes plausible for a small bike, not car-only",PASS,"Causes are ordinary parts of a small EFI bike (sensor, wiring, connector or the named part); no car-only part.",
P0604,"3 advice free of reversals, circular advice and rider danger",PASS,"Advice says pull over, switch off and not to keep riding; no circular or reversed trigger.",
P0604,4 level correct under the rubric,CONCERN,"DOWNGRADE to SERVICE_SOON with the TWO-CASE advice. A processor, RAM or ROM fault must be running to be stored; the bike usually runs on, and P0601, P0602, P0603 and P0607 (same family) are SERVICE_SOON. The OBDex text for P0605 and P0606 itself says the ECU defaults to limp-home (reduced function), not to stopping. 'ECU may fail' is speculation; only a repeat stall justifies stopping. Confidence medium.","SERVICE_SOON, with_care; same advice as P0607 (TWO-CASE)."
P0604,"5 no part, number or hardware the source does not support",PASS,"Parts named appear in the OBDex title, components or causes; no number, voltage or pin.",
P0604,6 shared failure wording and glossary used,PASS,No circuit failure type is named; glossary terms are used. No discouraged term found.,
P0604,7 understandable to a rider without a manual,CONCERN,Title 'working memory (RAM) error' uses an acronym the rider cannot read.,'ECU internal fault: memory error'.
P0604,8 can_ride_to_workshop value and reason sensible,CONCERN,'no' and 'arrange transport' for a bike that usually runs; follows the STOP level.,"with_care: ride only if the engine runs normally, straight to a workshop."
P0604,9 standard sentences used where required,PASS,STOP wording present,
P0604,10 Hindi-translatability,CONCERN,RAM and ROM acronyms have no standard Hindi word for an owner.,Drop the acronym from the rider title.
P0605,1 meaning matches standard title and structure,PASS,Meaning agrees with the standard title 'Internal Control Module Read Only Memory (ROM) Error'.,
P0605,"2 causes plausible for a small bike, not car-only",PASS,"Causes are ordinary parts of a small EFI bike (sensor, wiring, connector or the named part); no car-only part.",
P0605,"3 advice free of reversals, circular advice and rider danger",CONCERN,'Interrupted reprogramming' as a cause points to a workshop action; advice does not say to take the bike back to whoever reprogrammed it.,Add to hint: 'ask the workshop that last programmed the ECU'.
P0605,4 level correct under the rubric,CONCERN,"DOWNGRADE to SERVICE_SOON with the TWO-CASE advice. A processor, RAM or ROM fault must be running to be stored; the bike usually runs on, and P0601, P0602, P0603 and P0607 (same family) are SERVICE_SOON. The OBDex text for P0605 and P0606 itself says the ECU defaults to limp-home (reduced function), not to stopping. 'ECU may fail' is speculation; only a repeat stall justifies stopping. Confidence medium.","SERVICE_SOON, with_care; same advice as P0607 (TWO-CASE)."
P0605,"5 no part, number or hardware the source does not support",PASS,"Parts named appear in the OBDex title, components or causes; no number, voltage or pin.",
P0605,6 shared failure wording and glossary used,PASS,No circuit failure type is named; glossary terms are used. No discouraged term found.,
P0605,7 understandable to a rider without a manual,CONCERN,Title 'program memory (ROM) error' uses an acronym the rider cannot read.,'ECU internal fault: memory error'.
P0605,8 can_ride_to_workshop value and reason sensible,CONCERN,'no' and 'arrange transport' for a bike that usually runs; follows the STOP level.,"with_care: ride only if the engine runs normally, straight to a workshop."
P0605,9 standard sentences used where required,PASS,STOP wording present,
P0605,10 Hindi-translatability,CONCERN,ROM acronym.,As P0604.
P0606,1 meaning matches standard title and structure,PASS,Meaning agrees with the standard title 'ECM/PCM Processor Fault'.,
P0606,"2 causes plausible for a small bike, not car-only",PASS,"Causes are ordinary parts of a small EFI bike (sensor, wiring, connector or the named part); no car-only part.",
P0606,"3 advice free of reversals, circular advice and rider danger",PASS,"Advice says pull over, switch off and not to keep riding; no circular or reversed trigger.",
P0606,4 level correct under the rubric,CONCERN,"DOWNGRADE to SERVICE_SOON with the TWO-CASE advice. A processor, RAM or ROM fault must be running to be stored; the bike usually runs on, and P0601, P0602, P0603 and P0607 (same family) are SERVICE_SOON. The OBDex text for P0605 and P0606 itself says the ECU defaults to limp-home (reduced function), not to stopping. 'ECU may fail' is speculation; only a repeat stall justifies stopping. Confidence medium.","SERVICE_SOON, with_care; same advice as P0607 (TWO-CASE)."
P0606,"5 no part, number or hardware the source does not support",PASS,"Parts named appear in the OBDex title, components or causes; no number, voltage or pin.",
P0606,6 shared failure wording and glossary used,PASS,No circuit failure type is named; glossary terms are used. No discouraged term found.,
P0606,7 understandable to a rider without a manual,PASS,Plain clause first; workshop words only as a phrase; understandable without a manual.,
P0606,8 can_ride_to_workshop value and reason sensible,CONCERN,'no' and 'arrange transport' for a bike that usually runs; follows the STOP level.,"with_care: ride only if the engine runs normally, straight to a workshop."
P0606,9 standard sentences used where required,PASS,STOP wording present,
P0606,10 Hindi-translatability,PASS,"Longest sentence 19 words (limit about 25); glossary terms; no idiom or ambiguous pronoun flagged (plain words such as 'rough', 'hesitate' and the glossary term 'pull over' accepted).",
P0031,1 meaning matches standard title and structure,PASS,Meaning agrees with the standard title 'HO2S Heater Control Circuit Low (Bank 1 Sensor 1)'; low direction is right.,
P0031,"2 causes plausible for a small bike, not car-only",PASS,"Causes are ordinary parts of a small EFI bike (sensor, wiring, connector or the named part); no car-only part.",
P0031,"3 advice free of reversals, circular advice and rider danger",PASS,Says how to ride meanwhile; any stall wording is conditional; no circular or reversed trigger.,
P0031,4 level correct under the rubric,PASS,SERVICE_SOON fits the rubric (slow mixture control); no tag-level conflict.,
P0031,"5 no part, number or hardware the source does not support",PASS,"Parts named appear in the OBDex title, components or causes; no number, voltage or pin.",
P0031,6 shared failure wording and glossary used,PASS,Title uses the shared phrase 'voltage below threshold'. No discouraged term found.,
P0031,7 understandable to a rider without a manual,PASS,Plain clause first; workshop words only as a phrase; understandable without a manual.,
P0031,8 can_ride_to_workshop value and reason sensible,PASS,'yes' is the D4 value for SERVICE_SOON; reason 'only slows mixture control after start; usually rideable' fits the advice.,
P0031,9 standard sentences used where required,PASS,No fixed sentence is required for this code.,
P0031,10 Hindi-translatability,PASS,"Longest sentence 20 words (limit about 25); glossary terms; no idiom or ambiguous pronoun flagged (plain words such as 'rough', 'hesitate' and the glossary term 'pull over' accepted).",
P0109,1 meaning matches standard title and structure,PASS,Meaning agrees with the standard title 'Manifold Absolute Pressure / Barometric Pressure Circuit Intermittent'.,
P0109,"2 causes plausible for a small bike, not car-only",PASS,"Causes are ordinary parts of a small EFI bike (sensor, wiring, connector or the named part); no car-only part.",
P0109,"3 advice free of reversals, circular advice and rider danger",PASS,Says how to ride meanwhile; any stall wording is conditional; no circular or reversed trigger.,
P0109,4 level correct under the rubric,PASS,SERVICE_SOON fits the rubric (fuelling wrong at times); no tag-level conflict.,
P0109,"5 no part, number or hardware the source does not support",PASS,"Parts named appear in the OBDex title, components or causes; no number, voltage or pin.",
P0109,6 shared failure wording and glossary used,PASS,No circuit failure type is named; glossary terms are used. No discouraged term found.,
P0109,7 understandable to a rider without a manual,PASS,Plain clause first; workshop words only as a phrase; understandable without a manual.,
P0109,8 can_ride_to_workshop value and reason sensible,PASS,"'with_care' is the D4 value for SERVICE_SOON; reason 'may run rough at times; ride gently, no long trips' fits the advice.",
P0109,9 standard sentences used where required,CONCERN,"TPS sibling codes carry the STALL sentence; the MAP codes (P0105 to P0109) do not, yet MAP is the main load input on speed-density bikes and a dropping signal can stall at idle.",Add STALL to the MAP family or explain in the glossary why not.
P0109,10 Hindi-translatability,CONCERN,'drops out or jumps' is idiomatic (jumps = changes suddenly).,'disappears or changes suddenly at times'.
P0121,1 meaning matches standard title and structure,PASS,"Meaning agrees with the standard title 'Throttle/Pedal Position Sensor ""A"" Range/Performance'.",
P0121,"2 causes plausible for a small bike, not car-only",PASS,"Causes are ordinary parts of a small EFI bike (sensor, wiring, connector or the named part); no car-only part.",
P0121,"3 advice free of reversals, circular advice and rider danger",PASS,Says how to ride meanwhile; any stall wording is conditional; no circular or reversed trigger.,
P0121,4 level correct under the rubric,PASS,SERVICE_SOON fits the rubric (throttle reading wrong); no tag-level conflict.,
P0121,"5 no part, number or hardware the source does not support",PASS,"Parts named appear in the OBDex title, components or causes; no number, voltage or pin.",
P0121,6 shared failure wording and glossary used,PASS,Title uses the shared phrase 'performance or incorrect operation'. No discouraged term found.,
P0121,7 understandable to a rider without a manual,PASS,Plain clause first; workshop words only as a phrase; understandable without a manual.,
P0121,8 can_ride_to_workshop value and reason sensible,PASS,'with_care' is the D4 value for SERVICE_SOON; reason 'idle may be uneven; avoid traffic and long trips' fits the advice.,
P0121,9 standard sentences used where required,PASS,STALL used word for word,
P0121,10 Hindi-translatability,PASS,"Longest sentence 20 words (limit about 25); glossary terms; no idiom or ambiguous pronoun flagged (plain words such as 'rough', 'hesitate' and the glossary term 'pull over' accepted).",
P0126,1 meaning matches standard title and structure,PASS,Meaning agrees with the standard title 'Insufficient Coolant Temperature for Stable Operation'.,
P0126,"2 causes plausible for a small bike, not car-only",PASS,"Causes are ordinary parts of a small EFI bike (sensor, wiring, connector or the named part); no car-only part. Hardware hedges present: (liquid-cooled bikes).",
P0126,"3 advice free of reversals, circular advice and rider danger",PASS,Says it can wait for the next service; no stall or no-start claim; nothing a rider could act on wrongly.,
P0126,4 level correct under the rubric,PASS,MONITOR fits the rubric (rough running when cool); no tag-level conflict.,
P0126,"5 no part, number or hardware the source does not support",CONCERN,"Cause 'very short rides or very cold weather' is not in the source (a circumstance, not a part). True and useful, but the project rule is source support.","Keep but mark the source gap in review notes, or move it to a technician hint."
P0126,6 shared failure wording and glossary used,PASS,No circuit failure type is named; glossary terms are used. No discouraged term found.,
P0126,7 understandable to a rider without a manual,PASS,Plain clause first; workshop words only as a phrase; understandable without a manual.,
P0126,8 can_ride_to_workshop value and reason sensible,PASS,'yes' is the D4 value for MONITOR; reason 'may run roughly until warm' fits the advice.,
P0126,9 standard sentences used where required,PASS,No fixed sentence is required for this code.,
P0126,10 Hindi-translatability,PASS,"Longest sentence 16 words (limit about 25); glossary terms; no idiom or ambiguous pronoun flagged (plain words such as 'rough', 'hesitate' and the glossary term 'pull over' accepted).",
P0128,1 meaning matches standard title and structure,PASS,Meaning agrees with the standard title 'Coolant Thermostat Below Regulating Temperature'.,
P0128,"2 causes plausible for a small bike, not car-only",PASS,"Causes are ordinary parts of a small EFI bike (sensor, wiring, connector or the named part); no car-only part.",
P0128,"3 advice free of reversals, circular advice and rider danger",PASS,Says it can wait for the next service; no stall or no-start claim; nothing a rider could act on wrongly.,
P0128,4 level correct under the rubric,PASS,MONITOR fits the rubric (engine runs cool; fuel use up); no tag-level conflict.,
P0128,"5 no part, number or hardware the source does not support",PASS,"Parts named appear in the OBDex title, components or causes; no number, voltage or pin.",
P0128,6 shared failure wording and glossary used,PASS,No circuit failure type is named; glossary terms are used. No discouraged term found.,
P0128,7 understandable to a rider without a manual,PASS,Plain clause first; workshop words only as a phrase; understandable without a manual.,
P0128,8 can_ride_to_workshop value and reason sensible,PASS,'yes' is the D4 value for MONITOR; reason 'engine runs cool; fuel use up' fits the advice.,
P0128,9 standard sentences used where required,PASS,No fixed sentence is required for this code.,
P0128,10 Hindi-translatability,PASS,"Longest sentence 18 words (limit about 25); glossary terms; no idiom or ambiguous pronoun flagged (plain words such as 'rough', 'hesitate' and the glossary term 'pull over' accepted).",
P0133,1 meaning matches standard title and structure,PASS,"Meaning agrees with the standard title 'O2 Sensor Slow Response (Bank 1, Sensor 1)'.",
P0133,"2 causes plausible for a small bike, not car-only",PASS,"Causes are ordinary parts of a small EFI bike (sensor, wiring, connector or the named part); no car-only part.",
P0133,"3 advice free of reversals, circular advice and rider danger",PASS,Says how to ride meanwhile; any stall wording is conditional; no circular or reversed trigger.,
P0133,4 level correct under the rubric,PASS,SERVICE_SOON fits the rubric (mixture control slow); no tag-level conflict.,
P0133,"5 no part, number or hardware the source does not support",PASS,"Parts named appear in the OBDex title, components or causes; no number, voltage or pin.",
P0133,6 shared failure wording and glossary used,PASS,No circuit failure type is named; glossary terms are used. No discouraged term found.,
P0133,7 understandable to a rider without a manual,PASS,Plain clause first; workshop words only as a phrase; understandable without a manual.,
P0133,8 can_ride_to_workshop value and reason sensible,PASS,'yes' is the D4 value for SERVICE_SOON; reason 'usually rideable; mixture control is only slow' fits the advice.,
P0133,9 standard sentences used where required,PASS,No fixed sentence is required for this code.,
P0133,10 Hindi-translatability,PASS,"Longest sentence 24 words (limit about 25); glossary terms; no idiom or ambiguous pronoun flagged (plain words such as 'rough', 'hesitate' and the glossary term 'pull over' accepted).",
P0170,1 meaning matches standard title and structure,PASS,Meaning agrees with the standard title 'Fuel Trim Malfunction (Bank 1)'.,
P0170,"2 causes plausible for a small bike, not car-only",PASS,"Causes are ordinary parts of a small EFI bike (sensor, wiring, connector or the named part); no car-only part.",
P0170,"3 advice free of reversals, circular advice and rider danger",PASS,Says how to ride meanwhile; any stall wording is conditional; no circular or reversed trigger.,
P0170,4 level correct under the rubric,PASS,SERVICE_SOON fits the rubric (mixture wrong; may run hot or rich); no tag-level conflict.,
P0170,"5 no part, number or hardware the source does not support",PASS,"Parts named appear in the OBDex title, components or causes; no number, voltage or pin.",
P0170,6 shared failure wording and glossary used,PASS,No circuit failure type is named; glossary terms are used. No discouraged term found.,
P0170,7 understandable to a rider without a manual,CONCERN,Meaning says 'the mixture is off in one direction': a rider cannot act on that. Basis says 'may run hot or rich'.,'The engine is getting too much or too little fuel'. Basis: 'wrong fuel mixture'.
P0170,8 can_ride_to_workshop value and reason sensible,PASS,"'with_care' is the D4 value for SERVICE_SOON; reason 'mixture is off; short, gentle ride only' fits the advice.",
P0170,9 standard sentences used where required,PASS,No fixed sentence is required for this code.,
P0170,10 Hindi-translatability,CONCERN,'off in one direction' and 'run hot' are idioms.,As above.
P0196,1 meaning matches standard title and structure,PASS,Meaning agrees with the standard title 'Engine Oil Temperature Sensor Range / Performance'.,
P0196,"2 causes plausible for a small bike, not car-only",PASS,"Causes are ordinary parts of a small EFI bike (sensor, wiring, connector or the named part); no car-only part.",
P0196,"3 advice free of reversals, circular advice and rider danger",PASS,Says it can wait for the next service; no stall or no-start claim; nothing a rider could act on wrongly.,
P0196,4 level correct under the rubric,PASS,MONITOR fits the rubric (temperature reading unreliable); no tag-level conflict.,
P0196,"5 no part, number or hardware the source does not support",PASS,"Parts named appear in the OBDex title, components or causes; no number, voltage or pin.",
P0196,6 shared failure wording and glossary used,PASS,Title uses the shared phrase 'performance or incorrect operation'. No discouraged term found.,
P0196,7 understandable to a rider without a manual,PASS,Plain clause first; workshop words only as a phrase; understandable without a manual.,
P0196,8 can_ride_to_workshop value and reason sensible,PASS,'yes' is the D4 value for MONITOR; reason 'sensor reading only; the bike should run normally' fits the advice.,
P0196,9 standard sentences used where required,PASS,No fixed sentence is required for this code.,
P0196,10 Hindi-translatability,PASS,"Longest sentence 19 words (limit about 25); glossary terms; no idiom or ambiguous pronoun flagged (plain words such as 'rough', 'hesitate' and the glossary term 'pull over' accepted).",
P0197,1 meaning matches standard title and structure,PASS,Meaning agrees with the standard title 'Engine Oil Temperature Sensor Low'; low direction is right.,
P0197,"2 causes plausible for a small bike, not car-only",PASS,"Causes are ordinary parts of a small EFI bike (sensor, wiring, connector or the named part); no car-only part.",
P0197,"3 advice free of reversals, circular advice and rider danger",PASS,Says it can wait for the next service; no stall or no-start claim; nothing a rider could act on wrongly.,
P0197,4 level correct under the rubric,PASS,MONITOR fits the rubric (temperature reading wrong); no tag-level conflict.,
P0197,"5 no part, number or hardware the source does not support",PASS,"Parts named appear in the OBDex title, components or causes; no number, voltage or pin.",
P0197,6 shared failure wording and glossary used,PASS,Title uses the shared phrase 'voltage below threshold'. No discouraged term found.,
P0197,7 understandable to a rider without a manual,PASS,Plain clause first; workshop words only as a phrase; understandable without a manual.,
P0197,8 can_ride_to_workshop value and reason sensible,PASS,'yes' is the D4 value for MONITOR; reason 'sensor reading only; the bike should run normally' fits the advice.,
P0197,9 standard sentences used where required,PASS,No fixed sentence is required for this code.,
P0197,10 Hindi-translatability,PASS,"Longest sentence 25 words (limit about 25); glossary terms; no idiom or ambiguous pronoun flagged (plain words such as 'rough', 'hesitate' and the glossary term 'pull over' accepted).",
P0199,1 meaning matches standard title and structure,PASS,Meaning agrees with the standard title 'Engine Oil Temperature Sensor Intermittent'.,
P0199,"2 causes plausible for a small bike, not car-only",PASS,"Causes are ordinary parts of a small EFI bike (sensor, wiring, connector or the named part); no car-only part.",
P0199,"3 advice free of reversals, circular advice and rider danger",PASS,Says it can wait for the next service; no stall or no-start claim; nothing a rider could act on wrongly.,
P0199,4 level correct under the rubric,PASS,MONITOR fits the rubric (temperature reading drops out); no tag-level conflict.,
P0199,"5 no part, number or hardware the source does not support",PASS,"Parts named appear in the OBDex title, components or causes; no number, voltage or pin.",
P0199,6 shared failure wording and glossary used,PASS,No circuit failure type is named; glossary terms are used. No discouraged term found.,
P0199,7 understandable to a rider without a manual,PASS,Plain clause first; workshop words only as a phrase; understandable without a manual.,
P0199,8 can_ride_to_workshop value and reason sensible,PASS,'yes' is the D4 value for MONITOR; reason 'sensor reading only; the bike should run normally' fits the advice.,
P0199,9 standard sentences used where required,PASS,No fixed sentence is required for this code.,
P0199,10 Hindi-translatability,CONCERN,'drops out or jumps' idiom.,As P0109.
P0263,1 meaning matches standard title and structure,PASS,Meaning agrees with the standard title 'Cylinder 1 Contribution/Balance Fault'.,
P0263,"2 causes plausible for a small bike, not car-only",PASS,"Causes are ordinary parts of a small EFI bike (sensor, wiring, connector or the named part); no car-only part.",
P0263,"3 advice free of reversals, circular advice and rider danger",PASS,Says how to ride meanwhile; any stall wording is conditional; no circular or reversed trigger.,
P0263,4 level correct under the rubric,PASS,SERVICE_SOON fits the rubric (one cylinder out of balance); no tag-level conflict.,
P0263,"5 no part, number or hardware the source does not support",PASS,"Parts named appear in the OBDex title, components or causes; no number, voltage or pin.",
P0263,6 shared failure wording and glossary used,PASS,No circuit failure type is named; glossary terms are used. No discouraged term found.,
P0263,7 understandable to a rider without a manual,CONCERN,'Reduce load' is ambiguous (engine load? luggage? electrical load?) and 'fair share of the work' is an idiom. 'the others' is odd for a twin.,'Ride gently and avoid hard acceleration' and 'cylinder X is not running as well as the other cylinder'.
P0263,8 can_ride_to_workshop value and reason sensible,PASS,'with_care' is the D4 value for SERVICE_SOON; reason 'reduce load and keep the trip short' fits the advice.,
P0263,9 standard sentences used where required,PASS,No fixed sentence is required for this code.,
P0263,10 Hindi-translatability,CONCERN,"'reduce load', 'fair share of the work', 'out of balance' will translate badly; the stop trigger sentence is 21 words but joined by a semicolon.",As above.
P0266,1 meaning matches standard title and structure,PASS,Meaning agrees with the standard title 'Cylinder 2 Contribution/Balance Fault'.,
P0266,"2 causes plausible for a small bike, not car-only",PASS,"Causes are ordinary parts of a small EFI bike (sensor, wiring, connector or the named part); no car-only part.",
P0266,"3 advice free of reversals, circular advice and rider danger",PASS,Says how to ride meanwhile; any stall wording is conditional; no circular or reversed trigger.,
P0266,4 level correct under the rubric,PASS,SERVICE_SOON fits the rubric (one cylinder out of balance); no tag-level conflict.,
P0266,"5 no part, number or hardware the source does not support",PASS,"Parts named appear in the OBDex title, components or causes; no number, voltage or pin.",
P0266,6 shared failure wording and glossary used,PASS,No circuit failure type is named; glossary terms are used. No discouraged term found.,
P0266,7 understandable to a rider without a manual,CONCERN,'Reduce load' is ambiguous (engine load? luggage? electrical load?) and 'fair share of the work' is an idiom. 'the others' is odd for a twin.,'Ride gently and avoid hard acceleration' and 'cylinder X is not running as well as the other cylinder'.
P0266,8 can_ride_to_workshop value and reason sensible,PASS,'with_care' is the D4 value for SERVICE_SOON; reason 'reduce load and keep the trip short' fits the advice.,
P0266,9 standard sentences used where required,PASS,No fixed sentence is required for this code.,
P0266,10 Hindi-translatability,CONCERN,"'reduce load', 'fair share of the work', 'out of balance' will translate badly; the stop trigger sentence is 21 words but joined by a semicolon.",As above.
P0325,1 meaning matches standard title and structure,PASS,Meaning agrees with the standard title 'Knock Sensor 1 Circuit Malfunction (Bank 1)'.,
P0325,"2 causes plausible for a small bike, not car-only",CONCERN,"Many Indian bikes have no knock sensor at all; the code cannot occur there. Causes are fine, but the entry has no applies_when, so the app would show it on bikes without the hardware.",Add applies_when key 'knock_sensor_fitted' (needs a new key in the validator) or rely on bike-family data.
P0325,"3 advice free of reversals, circular advice and rider danger",PASS,Says how to ride meanwhile; any stall wording is conditional; no circular or reversed trigger.,
P0325,4 level correct under the rubric,PASS,SERVICE_SOON fits the rubric (knock protection may be lost); no tag-level conflict.,
P0325,"5 no part, number or hardware the source does not support",PASS,"Parts named appear in the OBDex title, components or causes; no number, voltage or pin.",
P0325,6 shared failure wording and glossary used,PASS,No circuit failure type is named; glossary terms are used. No discouraged term found.,
P0325,7 understandable to a rider without a manual,CONCERN,"'low-grade fuel' is unclear: low octane, adulterated or old petrol?",'poor-quality petrol'.
P0325,8 can_ride_to_workshop value and reason sensible,PASS,'with_care' is the D4 value for SERVICE_SOON; reason 'ride gently; engine knock protection may be lost' fits the advice.,
P0325,9 standard sentences used where required,PASS,No fixed sentence is required for this code.,
P0325,10 Hindi-translatability,PASS,"Longest sentence 19 words (limit about 25); glossary terms; no idiom or ambiguous pronoun flagged (plain words such as 'rough', 'hesitate' and the glossary term 'pull over' accepted).",
P0326,1 meaning matches standard title and structure,PASS,Meaning agrees with the standard title 'Knock/Combustion Vibration Sensor A Circuit Range/Performance'.,
P0326,"2 causes plausible for a small bike, not car-only",CONCERN,"Many Indian bikes have no knock sensor at all; the code cannot occur there. Causes are fine, but the entry has no applies_when, so the app would show it on bikes without the hardware.",Add applies_when key 'knock_sensor_fitted' (needs a new key in the validator) or rely on bike-family data.
P0326,"3 advice free of reversals, circular advice and rider danger",PASS,Says how to ride meanwhile; any stall wording is conditional; no circular or reversed trigger.,
P0326,4 level correct under the rubric,PASS,SERVICE_SOON fits the rubric (knock protection may be wrong); no tag-level conflict.,
P0326,"5 no part, number or hardware the source does not support",PASS,"Parts named appear in the OBDex title, components or causes; no number, voltage or pin.",
P0326,6 shared failure wording and glossary used,PASS,Title uses the shared phrase 'performance or incorrect operation'. No discouraged term found.,
P0326,7 understandable to a rider without a manual,CONCERN,"'low-grade fuel' is unclear: low octane, adulterated or old petrol?",'poor-quality petrol'.
P0326,8 can_ride_to_workshop value and reason sensible,PASS,'with_care' is the D4 value for SERVICE_SOON; reason 'ride gently; engine knock protection may be wrong' fits the advice.,
P0326,9 standard sentences used where required,PASS,No fixed sentence is required for this code.,
P0326,10 Hindi-translatability,CONCERN,Meaning is 26 words and 'mistake normal engine noise for knock or miss real knock' is awkward to translate.,'The ECU cannot tell normal engine noise from harmful knocking.'
P0327,1 meaning matches standard title and structure,PASS,Meaning agrees with the standard title 'Knock Sensor 1 Circuit Low Input (Bank 1)'; low direction is right.,
P0327,"2 causes plausible for a small bike, not car-only",CONCERN,"Many Indian bikes have no knock sensor at all; the code cannot occur there. Causes are fine, but the entry has no applies_when, so the app would show it on bikes without the hardware.",Add applies_when key 'knock_sensor_fitted' (needs a new key in the validator) or rely on bike-family data.
P0327,"3 advice free of reversals, circular advice and rider danger",PASS,Says how to ride meanwhile; any stall wording is conditional; no circular or reversed trigger.,
P0327,4 level correct under the rubric,PASS,SERVICE_SOON fits the rubric (knock protection may be lost); no tag-level conflict.,
P0327,"5 no part, number or hardware the source does not support",PASS,"Parts named appear in the OBDex title, components or causes; no number, voltage or pin.",
P0327,6 shared failure wording and glossary used,PASS,Title uses the shared phrase 'voltage below threshold'. No discouraged term found.,
P0327,7 understandable to a rider without a manual,CONCERN,"'low-grade fuel' is unclear: low octane, adulterated or old petrol?",'poor-quality petrol'.
P0327,8 can_ride_to_workshop value and reason sensible,PASS,'with_care' is the D4 value for SERVICE_SOON; reason 'ride gently; engine knock protection may be lost' fits the advice.,
P0327,9 standard sentences used where required,PASS,No fixed sentence is required for this code.,
P0327,10 Hindi-translatability,PASS,"Longest sentence 22 words (limit about 25); glossary terms; no idiom or ambiguous pronoun flagged (plain words such as 'rough', 'hesitate' and the glossary term 'pull over' accepted).",
P0329,1 meaning matches standard title and structure,PASS,Meaning agrees with the standard title 'Knock/Combustion Vibration Sensor A Circuit Intermittent'.,
P0329,"2 causes plausible for a small bike, not car-only",CONCERN,"Many Indian bikes have no knock sensor at all; the code cannot occur there. Causes are fine, but the entry has no applies_when, so the app would show it on bikes without the hardware.",Add applies_when key 'knock_sensor_fitted' (needs a new key in the validator) or rely on bike-family data.
P0329,"3 advice free of reversals, circular advice and rider danger",PASS,Says how to ride meanwhile; any stall wording is conditional; no circular or reversed trigger.,
P0329,4 level correct under the rubric,PASS,SERVICE_SOON fits the rubric (knock protection unreliable); no tag-level conflict.,
P0329,"5 no part, number or hardware the source does not support",PASS,"Parts named appear in the OBDex title, components or causes; no number, voltage or pin.",
P0329,6 shared failure wording and glossary used,PASS,No circuit failure type is named; glossary terms are used. No discouraged term found.,
P0329,7 understandable to a rider without a manual,CONCERN,"'low-grade fuel' is unclear: low octane, adulterated or old petrol?",'poor-quality petrol'.
P0329,8 can_ride_to_workshop value and reason sensible,PASS,'with_care' is the D4 value for SERVICE_SOON; reason 'ride gently; engine knock protection unreliable' fits the advice.,
P0329,9 standard sentences used where required,PASS,No fixed sentence is required for this code.,
P0329,10 Hindi-translatability,CONCERN,'drops out or jumps' idiom.,As P0109.
P0343,1 meaning matches standard title and structure,PASS,"Meaning agrees with the standard title 'Camshaft Position Sensor ""A"" Circuit High Input (Bank 1)'; high direction is right.",
P0343,"2 causes plausible for a small bike, not car-only",CONCERN,Many single-cylinder bikes have no camshaft sensor; no applies_when says so.,Add applies_when 'camshaft_sensor_fitted'.
P0343,"3 advice free of reversals, circular advice and rider danger",PASS,Says how to ride meanwhile; any stall wording is conditional; no circular or reversed trigger.,
P0343,4 level correct under the rubric,PASS,SERVICE_SOON fits the rubric (may start hard or run rough); no tag-level conflict.,
P0343,"5 no part, number or hardware the source does not support",PASS,"Parts named appear in the OBDex title, components or causes; no number, voltage or pin.",
P0343,6 shared failure wording and glossary used,PASS,Title uses the shared phrase 'voltage above threshold'. No discouraged term found.,
P0343,7 understandable to a rider without a manual,PASS,Plain clause first; workshop words only as a phrase; understandable without a manual.,
P0343,8 can_ride_to_workshop value and reason sensible,PASS,'with_care' is the D4 value for SERVICE_SOON; reason 'may start hard or run rough; short trip only' fits the advice.,
P0343,9 standard sentences used where required,CONCERN,"Uses a variant of the STALL sentence ('if it stalls or will not restart... and have it taken'): one stall tells the rider to stop, while P0120 to P0124 allow 'more than once'. Same variant in P0340 to P0344.",Use STALL word for word.
P0343,10 Hindi-translatability,PASS,"Longest sentence 23 words (limit about 25); glossary terms; no idiom or ambiguous pronoun flagged (plain words such as 'rough', 'hesitate' and the glossary term 'pull over' accepted).",
P0506,1 meaning matches standard title and structure,PASS,Meaning agrees with the standard title 'Idle Air Control System RPM Lower Than Expected'.,
P0506,"2 causes plausible for a small bike, not car-only",PASS,"Causes are ordinary parts of a small EFI bike (sensor, wiring, connector or the named part); no car-only part.",
P0506,"3 advice free of reversals, circular advice and rider danger",FAIL,"'if it stalls at stops, avoid traffic and do not keep riding' gives two incompatible instructions (avoid traffic means keep riding). One stall tells the rider to stop, unlike the STALL sentence.","Use STALL; move 'avoid traffic' to can_ride_reason. Same fix for P0505, P0508 to P0511, P0518, P0519, P050A, P050D."
P0506,4 level correct under the rubric,PASS,SERVICE_SOON fits the rubric (idle may be too low); no tag-level conflict.,
P0506,"5 no part, number or hardware the source does not support",PASS,"Parts named appear in the OBDex title, components or causes; no number, voltage or pin.",
P0506,6 shared failure wording and glossary used,PASS,No circuit failure type is named; glossary terms are used. No discouraged term found.,
P0506,7 understandable to a rider without a manual,PASS,Plain clause first; workshop words only as a phrase; understandable without a manual.,
P0506,8 can_ride_to_workshop value and reason sensible,PASS,'with_care' is the D4 value for SERVICE_SOON; reason 'idle may be unstable; avoid traffic and long trips' fits the advice.,
P0506,9 standard sentences used where required,CONCERN,Idle family uses its own stall sentence instead of STALL.,Use STALL.
P0506,10 Hindi-translatability,PASS,"Longest sentence 17 words (limit about 25); glossary terms; no idiom or ambiguous pronoun flagged (plain words such as 'rough', 'hesitate' and the glossary term 'pull over' accepted).",
P0507,1 meaning matches standard title and structure,PASS,Meaning agrees with the standard title 'Idle Air Control System RPM Higher Than Expected'.,
P0507,"2 causes plausible for a small bike, not car-only",PASS,"Causes are ordinary parts of a small EFI bike (sensor, wiring, connector or the named part); no car-only part.",
P0507,"3 advice free of reversals, circular advice and rider danger",CONCERN,"Third cause is a throttle that does not close fully, a hazard (the bike keeps pulling when slowing). The only stop trigger is 'if the idle stays high ... avoid traffic', which is true whenever the code is present and is not a stop instruction.","Add: 'If the throttle does not snap fully shut when you let go, do not ride; have it checked first.'"
P0507,4 level correct under the rubric,PASS,SERVICE_SOON fits the rubric (idle may stay too high); no tag-level conflict.,
P0507,"5 no part, number or hardware the source does not support",CONCERN,"'Throttle not closing fully' is not in the source (components are intake manifold, PCV, brake booster, vacuum hose). Plausible, but it is the most safety-relevant cause on the entry and unsupported.",Keep it and mark the entry for independent review (needs_independent_review true).
P0507,6 shared failure wording and glossary used,PASS,No circuit failure type is named; glossary terms are used. No discouraged term found.,
P0507,7 understandable to a rider without a manual,PASS,Plain clause first; workshop words only as a phrase; understandable without a manual.,
P0507,8 can_ride_to_workshop value and reason sensible,PASS,'with_care' is the D4 value for SERVICE_SOON; reason 'idle may be unstable; avoid traffic and long trips' fits the advice.,
P0507,9 standard sentences used where required,PASS,No fixed sentence is required for this code.,
P0507,10 Hindi-translatability,CONCERN,'hunt' and 'keep pulling as you slow down' are idioms.,'idle speed goes up and down'; 'the bike may not slow down when you close the throttle'.
P0510,1 meaning matches standard title and structure,PASS,Meaning agrees with the standard title 'Closed Throttle Position Switch'.,
P0510,"2 causes plausible for a small bike, not car-only",CONCERN,A separate closed-throttle switch is rare on modern EFI bikes (the TPS does that job); low-confidence entry already.,Add applies_when or drop if no Indian bike family has it.
P0510,"3 advice free of reversals, circular advice and rider danger",FAIL,Same mixed message as P0506 ('avoid traffic and do not keep riding').,Use STALL.
P0510,4 level correct under the rubric,PASS,SERVICE_SOON fits the rubric (idle control may be wrong); no tag-level conflict.,
P0510,"5 no part, number or hardware the source does not support",PASS,"Parts named appear in the OBDex title, components or causes; no number, voltage or pin.",
P0510,6 shared failure wording and glossary used,PASS,No circuit failure type is named; glossary terms are used. No discouraged term found.,
P0510,7 understandable to a rider without a manual,PASS,Plain clause first; workshop words only as a phrase; understandable without a manual.,
P0510,8 can_ride_to_workshop value and reason sensible,PASS,'with_care' is the D4 value for SERVICE_SOON; reason 'idle may be unstable; avoid traffic and long trips' fits the advice.,
P0510,9 standard sentences used where required,CONCERN,Idle-family stall sentence variant.,Use STALL.
P0510,10 Hindi-translatability,PASS,"Longest sentence 24 words (limit about 25); glossary terms; no idiom or ambiguous pronoun flagged (plain words such as 'rough', 'hesitate' and the glossary term 'pull over' accepted).",
P0519,1 meaning matches standard title and structure,PASS,Meaning agrees with the standard title 'Idle Air Control System Performance'.,
P0519,"2 causes plausible for a small bike, not car-only",PASS,"Causes are ordinary parts of a small EFI bike (sensor, wiring, connector or the named part); no car-only part.",
P0519,"3 advice free of reversals, circular advice and rider danger",FAIL,Same mixed message as P0506.,Use STALL.
P0519,4 level correct under the rubric,PASS,SERVICE_SOON fits the rubric (idle may hunt or sit wrong); no tag-level conflict.,
P0519,"5 no part, number or hardware the source does not support",PASS,"Parts named appear in the OBDex title, components or causes; no number, voltage or pin.",
P0519,6 shared failure wording and glossary used,PASS,Title uses the shared phrase 'performance or incorrect operation'. No discouraged term found.,
P0519,7 understandable to a rider without a manual,PASS,Plain clause first; workshop words only as a phrase; understandable without a manual.,
P0519,8 can_ride_to_workshop value and reason sensible,PASS,'with_care' is the D4 value for SERVICE_SOON; reason 'idle may be unstable; avoid traffic and long trips' fits the advice.,
P0519,9 standard sentences used where required,CONCERN,Idle-family stall sentence variant.,Use STALL.
P0519,10 Hindi-translatability,CONCERN,'idle may hunt' is an engineering idiom (hunt = swing up and down).,'idle speed may go up and down'.
P0561,1 meaning matches standard title and structure,PASS,Meaning agrees with the standard title 'System Voltage Unstable'.,
P0561,"2 causes plausible for a small bike, not car-only",PASS,"Causes are ordinary parts of a small EFI bike (sensor, wiring, connector or the named part); no car-only part.",
P0561,"3 advice free of reversals, circular advice and rider danger",CONCERN,"Stop trigger 'stop and switch off' lacks 'do not ride on' (compare P0563, owner decision D1) and relies on 'lights flicker badly', which a rider at night must act on mid-road. The entry also has no stall warning, although unstable voltage can reset the ECU.",Use the BATTERY stop wording and add the STALL sentence.
P0561,4 level correct under the rubric,PASS,SERVICE_SOON fits the rubric (unstable voltage can harm electrics); no tag-level conflict.,
P0561,"5 no part, number or hardware the source does not support",PASS,"Parts named appear in the OBDex title, components or causes; no number, voltage or pin.",
P0561,6 shared failure wording and glossary used,PASS,No circuit failure type is named; glossary terms are used. No discouraged term found.,
P0561,7 understandable to a rider without a manual,PASS,Plain clause first; workshop words only as a phrase; understandable without a manual.,
P0561,8 can_ride_to_workshop value and reason sensible,PASS,'with_care' is the D4 value for SERVICE_SOON; reason 'short trip; stop if lights flicker badly or the battery gets hot' fits the advice.,
P0561,9 standard sentences used where required,CONCERN,Siblings P0560 and P0562 say the engine will stop if the battery goes flat; P0561 has neither that nor STALL.,Add STALL.
P0561,10 Hindi-translatability,PASS,"Longest sentence 18 words (limit about 25); glossary terms; no idiom or ambiguous pronoun flagged (plain words such as 'rough', 'hesitate' and the glossary term 'pull over' accepted).",
P0602,1 meaning matches standard title and structure,PASS,Meaning agrees with the standard title 'Control Module Programming Error'.,
P0602,"2 causes plausible for a small bike, not car-only",PASS,"Causes are ordinary parts of a small EFI bike (sensor, wiring, connector or the named part); no car-only part.",
P0602,"3 advice free of reversals, circular advice and rider danger",PASS,Says how to ride meanwhile; any stall wording is conditional; no circular or reversed trigger.,
P0602,4 level correct under the rubric,PASS,SERVICE_SOON fits the rubric (ECU may misbehave); no tag-level conflict.,
P0602,"5 no part, number or hardware the source does not support",PASS,"Parts named appear in the OBDex title, components or causes; no number, voltage or pin.",
P0602,6 shared failure wording and glossary used,PASS,No circuit failure type is named; glossary terms are used. No discouraged term found.,
P0602,7 understandable to a rider without a manual,CONCERN,First advice sentence 'The bike may run normally or may behave oddly' carries no information.,Delete it; keep TWO-CASE only.
P0602,8 can_ride_to_workshop value and reason sensible,PASS,"'with_care' is the D4 value for SERVICE_SOON; reason 'ride only if the engine runs normally, straight to a workshop' fits the advice.",
P0602,9 standard sentences used where required,PASS,No fixed sentence is required for this code.,
P0602,10 Hindi-translatability,PASS,"Longest sentence 22 words (limit about 25); glossary terms; no idiom or ambiguous pronoun flagged (plain words such as 'rough', 'hesitate' and the glossary term 'pull over' accepted).",
P0603,1 meaning matches standard title and structure,PASS,Meaning agrees with the standard title 'Internal Control Module Keep Alive Memory (KAM) Error'.,
P0603,"2 causes plausible for a small bike, not car-only",PASS,"Causes are ordinary parts of a small EFI bike (sensor, wiring, connector or the named part); no car-only part.",
P0603,"3 advice free of reversals, circular advice and rider danger",PASS,Says how to ride meanwhile; any stall wording is conditional; no circular or reversed trigger.,
P0603,4 level correct under the rubric,CONCERN,"Routine after a battery was disconnected or replaced, and clears itself; arguably MONITOR ('likely to clear'). The tag mapping allows only SERVICE_SOON or STOP for control_module.","Consider MONITOR with 'if it returns after a few rides, have it checked' (needs a mapping change)."
P0603,"5 no part, number or hardware the source does not support",PASS,"Parts named appear in the OBDex title, components or causes; no number, voltage or pin.",
P0603,6 shared failure wording and glossary used,PASS,No circuit failure type is named; glossary terms are used. No discouraged term found.,
P0603,7 understandable to a rider without a manual,CONCERN,'charge or replace it first' does not say before what; title 'keep-alive memory' is jargon.,"'If the battery is weak, charge or replace it before the next long ride.'"
P0603,8 can_ride_to_workshop value and reason sensible,PASS,'with_care' is the D4 value for SERVICE_SOON; reason 'may idle slightly differently; short trip to a workshop' fits the advice.,
P0603,9 standard sentences used where required,PASS,No fixed sentence is required for this code.,
P0603,10 Hindi-translatability,PASS,"Longest sentence 21 words (limit about 25); glossary terms; no idiom or ambiguous pronoun flagged (plain words such as 'rough', 'hesitate' and the glossary term 'pull over' accepted).",
P0607,1 meaning matches standard title and structure,PASS,Meaning agrees with the standard title 'Control Module Performance'.,
P0607,"2 causes plausible for a small bike, not car-only",PASS,"Causes are ordinary parts of a small EFI bike (sensor, wiring, connector or the named part); no car-only part.",
P0607,"3 advice free of reversals, circular advice and rider danger",PASS,Says how to ride meanwhile; any stall wording is conditional; no circular or reversed trigger.,
P0607,4 level correct under the rubric,PASS,SERVICE_SOON fits the rubric (ECU may misbehave); no tag-level conflict.,
P0607,"5 no part, number or hardware the source does not support",PASS,"Parts named appear in the OBDex title, components or causes; no number, voltage or pin.",
P0607,6 shared failure wording and glossary used,PASS,Title uses the shared phrase 'performance or incorrect operation'. No discouraged term found.,
P0607,7 understandable to a rider without a manual,CONCERN,Same empty first advice sentence.,As P0602.
P0607,8 can_ride_to_workshop value and reason sensible,PASS,"'with_care' is the D4 value for SERVICE_SOON; reason 'ride only if the engine runs normally, straight to a workshop' fits the advice.",
P0607,9 standard sentences used where required,PASS,No fixed sentence is required for this code.,
P0607,10 Hindi-translatability,PASS,"Longest sentence 22 words (limit about 25); glossary terms; no idiom or ambiguous pronoun flagged (plain words such as 'rough', 'hesitate' and the glossary term 'pull over' accepted).",
P0633,1 meaning matches standard title and structure,PASS,Meaning agrees with the standard title 'Immobiliser Key Not Programmed'.,
P0633,"2 causes plausible for a small bike, not car-only",PASS,"Causes are ordinary parts of a small EFI bike (sensor, wiring, connector or the named part); no car-only part.",
P0633,"3 advice free of reversals, circular advice and rider danger",CONCERN,"can_ride_reason says 'it may not restart', a no-start claim in a SERVICE_SOON entry. It sits in a conditional sentence so the validator misses it (rule R3 does not match 'restart'). The advice itself is good (do not bypass the immobiliser).","'if it starts, go straight to a workshop and do not switch off on the way'."
P0633,4 level correct under the rubric,PASS,SERVICE_SOON fits the rubric (engine may not run with this key); no tag-level conflict.,
P0633,"5 no part, number or hardware the source does not support",PASS,"Parts named appear in the OBDex title, components or causes; no number, voltage or pin.",
P0633,6 shared failure wording and glossary used,PASS,No circuit failure type is named; glossary terms are used. No discouraged term found.,
P0633,7 understandable to a rider without a manual,PASS,Plain clause first; workshop words only as a phrase; understandable without a manual.,
P0633,8 can_ride_to_workshop value and reason sensible,PASS,"'with_care' is the D4 value for SERVICE_SOON; reason 'if it starts, go straight to a workshop; it may not restart' fits the advice.",
P0633,9 standard sentences used where required,PASS,No fixed sentence is required for this code.,
P0633,10 Hindi-translatability,PASS,"Longest sentence 23 words (limit about 25); glossary terms; no idiom or ambiguous pronoun flagged (plain words such as 'rough', 'hesitate' and the glossary term 'pull over' accepted).",
P0643,1 meaning matches standard title and structure,PASS,"Meaning agrees with the standard title 'Sensor Reference Voltage ""A"" Circuit High'; high direction is right.",
P0643,"2 causes plausible for a small bike, not car-only",PASS,"Causes are ordinary parts of a small EFI bike (sensor, wiring, connector or the named part); no car-only part. Hardware hedges present: (less common).",
P0643,"3 advice free of reversals, circular advice and rider danger",PASS,Says how to ride meanwhile; any stall wording is conditional; no circular or reversed trigger.,
P0643,4 level correct under the rubric,PASS,SERVICE_SOON fits the rubric (several sensors may misread); no tag-level conflict.,
P0643,"5 no part, number or hardware the source does not support",PASS,"Parts named appear in the OBDex title, components or causes; no number, voltage or pin.",
P0643,6 shared failure wording and glossary used,PASS,Title uses the shared phrase 'voltage above threshold'. No discouraged term found.,
P0643,7 understandable to a rider without a manual,PASS,Plain clause first; workshop words only as a phrase; understandable without a manual.,
P0643,8 can_ride_to_workshop value and reason sensible,PASS,'with_care' is the D4 value for SERVICE_SOON; reason 'several sensors may misread; avoid traffic and long trips' fits the advice.,
P0643,9 standard sentences used where required,PASS,STALL used word for word,
P0643,10 Hindi-translatability,PASS,"Longest sentence 21 words (limit about 25); glossary terms; no idiom or ambiguous pronoun flagged (plain words such as 'rough', 'hesitate' and the glossary term 'pull over' accepted).",
P068B,1 meaning matches standard title and structure,PASS,Meaning agrees with the standard title 'ECM or PCM Power Relay De-Energized Performance Too Late'.,
P068B,"2 causes plausible for a small bike, not car-only",PASS,"Causes are ordinary parts of a small EFI bike (sensor, wiring, connector or the named part); no car-only part. Hardware hedges present: (if fitted).",
P068B,"3 advice free of reversals, circular advice and rider danger",CONCERN,"Advice is the TWO-CASE sentence about stalls and no-start, which this fault (relay releasing late) does not cause. The real effect (ECU stays powered after key-off, battery drains) was removed as unsupported, but the OBDex description does support it ('keeps the ECU powered too long after key-off, drains the battery'); the validator only warns for description-only claims. Two hints say nearly the same thing.",Restore: 'The battery may go flat if the ECU stays powered after switch-off; have it checked soon.'
P068B,4 level correct under the rubric,CONCERN,SERVICE_SOON is defensible only because a stuck relay can drain the battery overnight; nothing in the text says that. As written the entry reads as MONITOR. The validator mapping (ecu_power_relay allows STOP or SERVICE_SOON) forbids MONITOR.,Either say the battery risk or allow MONITOR for P068A and P068B.
P068B,"5 no part, number or hardware the source does not support",PASS,"Parts named appear in the OBDex title, components or causes; no number, voltage or pin.",
P068B,6 shared failure wording and glossary used,PASS,No circuit failure type is named; glossary terms are used. No discouraged term found.,
P068B,7 understandable to a rider without a manual,PASS,Plain clause first; workshop words only as a phrase; understandable without a manual.,
P068B,8 can_ride_to_workshop value and reason sensible,PASS,"'with_care' is the D4 value for SERVICE_SOON; reason 'ride only if the engine runs normally, straight to a workshop' fits the advice.",
P068B,9 standard sentences used where required,PASS,No fixed sentence is required for this code.,
P068B,10 Hindi-translatability,PASS,"Longest sentence 22 words (limit about 25); glossary terms; no idiom or ambiguous pronoun flagged (plain words such as 'rough', 'hesitate' and the glossary term 'pull over' accepted).",
P0852,1 meaning matches standard title and structure,PASS,Meaning agrees with the standard title 'Park/Neutral Switch Input Circuit High'; high direction is right.,
P0852,"2 causes plausible for a small bike, not car-only",PASS,"Causes are ordinary parts of a small EFI bike (sensor, wiring, connector or the named part); no car-only part.",
P0852,"3 advice free of reversals, circular advice and rider danger",PASS,Says how to ride meanwhile; any stall wording is conditional; no circular or reversed trigger.,
P0852,4 level correct under the rubric,PASS,SERVICE_SOON fits the rubric (start or idle behaviour may be wrong); no tag-level conflict.,
P0852,"5 no part, number or hardware the source does not support",PASS,"Parts named appear in the OBDex title, components or causes; no number, voltage or pin.",
P0852,6 shared failure wording and glossary used,PASS,Title uses the shared phrase 'voltage above threshold'. No discouraged term found.,
P0852,7 understandable to a rider without a manual,PASS,Plain clause first; workshop words only as a phrase; understandable without a manual.,
P0852,8 can_ride_to_workshop value and reason sensible,PASS,"'with_care' is the D4 value for SERVICE_SOON; reason 'if it starts, go straight to a workshop and do not bypass switches' fits the advice.",
P0852,9 standard sentences used where required,PASS,No fixed sentence is required for this code.,
P0852,10 Hindi-translatability,PASS,"Longest sentence 23 words (limit about 25); glossary terms; no idiom or ambiguous pronoun flagged (plain words such as 'rough', 'hesitate' and the glossary term 'pull over' accepted).",
P2195,1 meaning matches standard title and structure,PASS,"Meaning agrees with the standard title 'O2 Sensor Signal Stuck Lean (Bank 1, Sensor 1)'.",
P2195,"2 causes plausible for a small bike, not car-only",PASS,"Causes are ordinary parts of a small EFI bike (sensor, wiring, connector or the named part); no car-only part.",
P2195,"3 advice free of reversals, circular advice and rider danger",PASS,Says how to ride meanwhile; any stall wording is conditional; no circular or reversed trigger.,
P2195,4 level correct under the rubric,PASS,SERVICE_SOON fits the rubric (mixture control affected); no tag-level conflict.,
P2195,"5 no part, number or hardware the source does not support",PASS,"Parts named appear in the OBDex title, components or causes; no number, voltage or pin.",
P2195,6 shared failure wording and glossary used,PASS,Title uses the shared phrase 'stuck'. No discouraged term found.,
P2195,7 understandable to a rider without a manual,PASS,Plain clause first; workshop words only as a phrase; understandable without a manual.,
P2195,8 can_ride_to_workshop value and reason sensible,PASS,'yes' is the D4 value for SERVICE_SOON; reason 'usually rideable; mixture control affected' fits the advice.,
P2195,9 standard sentences used where required,PASS,No fixed sentence is required for this code.,
P2195,10 Hindi-translatability,PASS,"Longest sentence 23 words (limit about 25); glossary terms; no idiom or ambiguous pronoun flagged (plain words such as 'rough', 'hesitate' and the glossary term 'pull over' accepted).",
P0112,1 meaning matches standard title and structure,PASS,Meaning agrees with the standard title 'Intake Air Temperature Sensor Low Input'; low direction is right.,
P0112,"2 causes plausible for a small bike, not car-only",PASS,"Causes are ordinary parts of a small EFI bike (sensor, wiring, connector or the named part); no car-only part.",
P0112,"3 advice free of reversals, circular advice and rider danger",PASS,Says it can wait for the next service; no stall or no-start claim; nothing a rider could act on wrongly.,
P0112,4 level correct under the rubric,PASS,MONITOR fits the rubric (minor fuelling error); no tag-level conflict.,
P0112,"5 no part, number or hardware the source does not support",PASS,"Parts named appear in the OBDex title, components or causes; no number, voltage or pin.",
P0112,6 shared failure wording and glossary used,PASS,Title uses the shared phrase 'voltage below threshold'. No discouraged term found.,
P0112,7 understandable to a rider without a manual,PASS,Plain clause first; workshop words only as a phrase; understandable without a manual.,
P0112,8 can_ride_to_workshop value and reason sensible,PASS,'yes' is the D4 value for MONITOR; reason 'minor fuelling error only' fits the advice.,
P0112,9 standard sentences used where required,PASS,No fixed sentence is required for this code.,
P0112,10 Hindi-translatability,PASS,Meaning is 26 words (limit about 25): accepted. Fixes from the first review are in place.,
P0122,1 meaning matches standard title and structure,PASS,"Meaning agrees with the standard title 'Throttle/Pedal Position Sensor ""A"" Low Input'; low direction is right.",
P0122,"2 causes plausible for a small bike, not car-only",PASS,"Causes are ordinary parts of a small EFI bike (sensor, wiring, connector or the named part); no car-only part.",
P0122,"3 advice free of reversals, circular advice and rider danger",PASS,Says how to ride meanwhile; any stall wording is conditional; no circular or reversed trigger.,
P0122,4 level correct under the rubric,PASS,SERVICE_SOON fits the rubric (throttle reading unreliable); no tag-level conflict.,
P0122,"5 no part, number or hardware the source does not support",PASS,"Parts named appear in the OBDex title, components or causes; no number, voltage or pin.",
P0122,6 shared failure wording and glossary used,PASS,Title uses the shared phrase 'voltage below threshold'. No discouraged term found.,
P0122,7 understandable to a rider without a manual,PASS,Plain clause first; workshop words only as a phrase; understandable without a manual.,
P0122,8 can_ride_to_workshop value and reason sensible,PASS,'with_care' is the D4 value for SERVICE_SOON; reason 'ECU may limit power; avoid traffic and long trips' fits the advice.,
P0122,9 standard sentences used where required,PASS,STALL used word for word,
P0122,10 Hindi-translatability,PASS,"Longest sentence 23 words (limit about 25); glossary terms; no idiom or ambiguous pronoun flagged (plain words such as 'rough', 'hesitate' and the glossary term 'pull over' accepted).",
P0123,1 meaning matches standard title and structure,PASS,"Meaning agrees with the standard title 'Throttle/Pedal Position Sensor ""A"" High Input'; high direction is right.",
P0123,"2 causes plausible for a small bike, not car-only",PASS,"Causes are ordinary parts of a small EFI bike (sensor, wiring, connector or the named part); no car-only part.",
P0123,"3 advice free of reversals, circular advice and rider danger",PASS,Says how to ride meanwhile; any stall wording is conditional; no circular or reversed trigger.,
P0123,4 level correct under the rubric,PASS,SERVICE_SOON fits the rubric (throttle reading unreliable); no tag-level conflict.,
P0123,"5 no part, number or hardware the source does not support",PASS,"Parts named appear in the OBDex title, components or causes; no number, voltage or pin.",
P0123,6 shared failure wording and glossary used,PASS,Title uses the shared phrase 'voltage above threshold'. No discouraged term found.,
P0123,7 understandable to a rider without a manual,PASS,Plain clause first; workshop words only as a phrase; understandable without a manual.,
P0123,8 can_ride_to_workshop value and reason sensible,PASS,'with_care' is the D4 value for SERVICE_SOON; reason 'ECU may limit power; avoid traffic and long trips' fits the advice.,
P0123,9 standard sentences used where required,PASS,STALL used word for word,
P0123,10 Hindi-translatability,PASS,"Longest sentence 24 words (limit about 25); glossary terms; no idiom or ambiguous pronoun flagged (plain words such as 'rough', 'hesitate' and the glossary term 'pull over' accepted).",
P0131,1 meaning matches standard title and structure,PASS,"Meaning agrees with the standard title 'O2 Sensor Circuit Low Voltage (Bank 1, Sensor 1)'; low direction is right.",
P0131,"2 causes plausible for a small bike, not car-only",PASS,"Causes are ordinary parts of a small EFI bike (sensor, wiring, connector or the named part); no car-only part.",
P0131,"3 advice free of reversals, circular advice and rider danger",PASS,Says how to ride meanwhile; any stall wording is conditional; no circular or reversed trigger.,
P0131,4 level correct under the rubric,PASS,SERVICE_SOON fits the rubric (fuel mixture control affected); no tag-level conflict.,
P0131,"5 no part, number or hardware the source does not support",PASS,"Parts named appear in the OBDex title, components or causes; no number, voltage or pin.",
P0131,6 shared failure wording and glossary used,PASS,Title uses the shared phrase 'voltage below threshold'. No discouraged term found.,
P0131,7 understandable to a rider without a manual,PASS,Plain clause first; workshop words only as a phrase; understandable without a manual.,
P0131,8 can_ride_to_workshop value and reason sensible,PASS,'yes' is the D4 value for SERVICE_SOON; reason 'usually rideable; mixture control only affected' fits the advice.,
P0131,9 standard sentences used where required,PASS,No fixed sentence is required for this code.,
P0131,10 Hindi-translatability,PASS,"Longest sentence 21 words (limit about 25); glossary terms; no idiom or ambiguous pronoun flagged (plain words such as 'rough', 'hesitate' and the glossary term 'pull over' accepted).",
P0132,1 meaning matches standard title and structure,PASS,"Meaning agrees with the standard title 'O2 Sensor Circuit High Voltage (Bank 1, Sensor 1)'; high direction is right.",
P0132,"2 causes plausible for a small bike, not car-only",PASS,"Causes are ordinary parts of a small EFI bike (sensor, wiring, connector or the named part); no car-only part.",
P0132,"3 advice free of reversals, circular advice and rider danger",PASS,Says how to ride meanwhile; any stall wording is conditional; no circular or reversed trigger.,
P0132,4 level correct under the rubric,PASS,SERVICE_SOON fits the rubric (fuel mixture control affected); no tag-level conflict.,
P0132,"5 no part, number or hardware the source does not support",PASS,"Parts named appear in the OBDex title, components or causes; no number, voltage or pin.",
P0132,6 shared failure wording and glossary used,PASS,Title uses the shared phrase 'voltage above threshold'. No discouraged term found.,
P0132,7 understandable to a rider without a manual,PASS,Plain clause first; workshop words only as a phrase; understandable without a manual.,
P0132,8 can_ride_to_workshop value and reason sensible,PASS,'yes' is the D4 value for SERVICE_SOON; reason 'usually rideable; not with strong petrol smell or dripping fuel' fits the advice.,
P0132,9 standard sentences used where required,PASS,PETROL sentence present,
P0132,10 Hindi-translatability,PASS,"Longest sentence 22 words (limit about 25); glossary terms; no idiom or ambiguous pronoun flagged (plain words such as 'rough', 'hesitate' and the glossary term 'pull over' accepted).",
P0135,1 meaning matches standard title and structure,PASS,"Meaning agrees with the standard title 'O2 Sensor Heater Circuit Malfunction (Bank 1, Sensor 1)'.",
P0135,"2 causes plausible for a small bike, not car-only",PASS,"Causes are ordinary parts of a small EFI bike (sensor, wiring, connector or the named part); no car-only part. Hardware hedges present: (if fitted).",
P0135,"3 advice free of reversals, circular advice and rider danger",PASS,Says how to ride meanwhile; any stall wording is conditional; no circular or reversed trigger.,
P0135,4 level correct under the rubric,PASS,SERVICE_SOON fits the rubric (slow mixture control); no tag-level conflict.,
P0135,"5 no part, number or hardware the source does not support",PASS,"Parts named appear in the OBDex title, components or causes; no number, voltage or pin.",
P0135,6 shared failure wording and glossary used,PASS,No circuit failure type is named; glossary terms are used. No discouraged term found.,
P0135,7 understandable to a rider without a manual,PASS,Plain clause first; workshop words only as a phrase; understandable without a manual.,
P0135,8 can_ride_to_workshop value and reason sensible,PASS,'yes' is the D4 value for SERVICE_SOON; reason 'only slows mixture control after start; usually rideable' fits the advice.,
P0135,9 standard sentences used where required,PASS,No fixed sentence is required for this code.,
P0135,10 Hindi-translatability,PASS,"Longest sentence 25 words (limit about 25); glossary terms; no idiom or ambiguous pronoun flagged (plain words such as 'rough', 'hesitate' and the glossary term 'pull over' accepted).",
P0302,1 meaning matches standard title and structure,PASS,Meaning agrees with the standard title 'Cylinder 2 Misfire Detected'.,
P0302,"2 causes plausible for a small bike, not car-only",PASS,"Causes are ordinary parts of a small EFI bike (sensor, wiring, connector or the named part); no car-only part.",
P0302,"3 advice free of reversals, circular advice and rider danger",PASS,Says how to ride meanwhile; any stall wording is conditional; no circular or reversed trigger.,
P0302,4 level correct under the rubric,PASS,SERVICE_SOON fits the rubric (can damage emission system); no tag-level conflict.,
P0302,"5 no part, number or hardware the source does not support",PASS,"Parts named appear in the OBDex title, components or causes; no number, voltage or pin.",
P0302,6 shared failure wording and glossary used,PASS,No circuit failure type is named; glossary terms are used. No discouraged term found.,
P0302,7 understandable to a rider without a manual,CONCERN,'Reduce load' is ambiguous.,'Ride gently and avoid hard acceleration'.
P0302,8 can_ride_to_workshop value and reason sensible,PASS,'with_care' is the D4 value for SERVICE_SOON; reason 'reduce load and keep the trip short' fits the advice.,
P0302,9 standard sentences used where required,PASS,No fixed sentence is required for this code.,
P0302,10 Hindi-translatability,CONCERN,'Reduce load' will translate badly.,As above.
P0340,1 meaning matches standard title and structure,PASS,"Meaning agrees with the standard title 'Camshaft Position Sensor ""A"" Circuit (Bank 1 or Single Sensor)'.",
P0340,"2 causes plausible for a small bike, not car-only",CONCERN,No applies_when for bikes without a camshaft sensor (timing chain cause was dropped as asked).,Add applies_when 'camshaft_sensor_fitted'.
P0340,"3 advice free of reversals, circular advice and rider danger",PASS,Says how to ride meanwhile; any stall wording is conditional; no circular or reversed trigger.,
P0340,4 level correct under the rubric,PASS,SERVICE_SOON fits the rubric (may start hard or run rough); no tag-level conflict.,
P0340,"5 no part, number or hardware the source does not support",PASS,"Parts named appear in the OBDex title, components or causes; no number, voltage or pin.",
P0340,6 shared failure wording and glossary used,PASS,No circuit failure type is named; glossary terms are used. No discouraged term found.,
P0340,7 understandable to a rider without a manual,PASS,Plain clause first; workshop words only as a phrase; understandable without a manual.,
P0340,8 can_ride_to_workshop value and reason sensible,PASS,'with_care' is the D4 value for SERVICE_SOON; reason 'may start hard or run rough; short trip only' fits the advice.,
P0340,9 standard sentences used where required,CONCERN,"Fix to the first review ('do not keep riding') is in place but the sentence is a variant of STALL, see P0343.",Use STALL word for word.
P0340,10 Hindi-translatability,PASS,"Longest sentence 22 words (limit about 25); glossary terms; no idiom or ambiguous pronoun flagged (plain words such as 'rough', 'hesitate' and the glossary term 'pull over' accepted).",
P0850,1 meaning matches standard title and structure,PASS,Meaning agrees with the standard title 'Park/Neutral Switch Input Circuit'.,
P0850,"2 causes plausible for a small bike, not car-only",PASS,"Causes are ordinary parts of a small EFI bike (sensor, wiring, connector or the named part); no car-only part.",
P0850,"3 advice free of reversals, circular advice and rider danger",PASS,Says how to ride meanwhile; any stall wording is conditional; no circular or reversed trigger.,
P0850,4 level correct under the rubric,PASS,SERVICE_SOON fits the rubric (start or idle behaviour may be wrong); no tag-level conflict.,
P0850,"5 no part, number or hardware the source does not support",PASS,"Parts named appear in the OBDex title, components or causes; no number, voltage or pin.",
P0850,6 shared failure wording and glossary used,PASS,No circuit failure type is named; glossary terms are used. No discouraged term found.,
P0850,7 understandable to a rider without a manual,PASS,Plain clause first; workshop words only as a phrase; understandable without a manual.,
P0850,8 can_ride_to_workshop value and reason sensible,PASS,"'with_care' is the D4 value for SERVICE_SOON; reason 'if it starts, go straight to a workshop and do not bypass switches' fits the advice.",
P0850,9 standard sentences used where required,PASS,No fixed sentence is required for this code.,
P0850,10 Hindi-translatability,CONCERN,Meaning is 28 words with a parenthesis; the safety meaning is intact.,Split: 'The ECU cannot tell if the bike is in neutral. The neutral switch signal may be missing.'
U0121,1 meaning matches standard title and structure,PASS,Meaning agrees with the standard title 'Lost Communication with ABS Control Module'.,
U0121,"2 causes plausible for a small bike, not car-only",PASS,"Causes are ordinary parts of a small EFI bike (sensor, wiring, connector or the named part); no car-only part.",
U0121,"3 advice free of reversals, circular advice and rider danger",PASS,Says how to ride meanwhile; any stall wording is conditional; no circular or reversed trigger.,
U0121,4 level correct under the rubric,PASS,SERVICE_SOON fits the rubric (ABS is off); no tag-level conflict.,
U0121,"5 no part, number or hardware the source does not support",PASS,"Parts named appear in the OBDex title, components or causes; no number, voltage or pin.",
U0121,6 shared failure wording and glossary used,PASS,Title uses the shared phrase 'communication lost'. No discouraged term found.,
U0121,7 understandable to a rider without a manual,PASS,Plain clause first; workshop words only as a phrase; understandable without a manual.,
U0121,8 can_ride_to_workshop value and reason sensible,PASS,"'with_care' is the D4 value for SERVICE_SOON; reason 'brakes work but no ABS; ride gently, brake early, avoid wet roads' fits the advice.",
U0121,9 standard sentences used where required,PASS,"ABS sentence present, plain, no hedge",
U0121,10 Hindi-translatability,PASS,"Longest sentence 19 words (limit about 25); glossary terms; no idiom or ambiguous pronoun flagged (plain words such as 'rough', 'hesitate' and the glossary term 'pull over' accepted).",
